"4462","1082","themes/uploads/02320221214_1671001644.png","https://apps.rajodiya.com/ecommerce/themes/uploads/02320221214_1671001644.png","motorcycle","2023-01-19 03:58:40","2023-01-19 03:58:40"
"4463","1083","themes/motorcycle/uploads/08920221214_1671001673.png","https://apps.rajodiya.com/ecommerce/themes/motorcycle/uploads/08920221214_1671001673.png","motorcycle","2023-01-19 03:58:40","2023-01-19 03:58:40"
"4464","1084","themes/motorcycle/uploads/03620221214_1671001728.png","https://apps.rajodiya.com/ecommerce/themes/motorcycle/uploads/03620221214_1671001728.png","motorcycle","2023-01-19 03:58:40","2023-01-19 03:58:40"
"4465","1085","themes/uploads/09220221214_1671001781.png","https://apps.rajodiya.com/ecommerce/themes/uploads/09220221214_1671001781.png","motorcycle","2023-01-19 03:58:40","2023-01-19 03:58:40"
"4466","1086","themes/motorcycle/uploads/01020221214_1671001812.png","https://apps.rajodiya.com/ecommerce/themes/motorcycle/uploads/01020221214_1671001812.png","motorcycle","2023-01-19 03:58:40","2023-01-19 03:58:40"
"4467","1087","themes/motorcycle/uploads/03920221214_1671001844.png","https://apps.rajodiya.com/ecommerce/themes/motorcycle/uploads/03920221214_1671001844.png","motorcycle","2023-01-19 03:58:40","2023-01-19 03:58:40"
"4468","1088","themes/motorcycle/uploads/01920221214_1671001879.png","https://apps.rajodiya.com/ecommerce/themes/motorcycle/uploads/01920221214_1671001879.png","motorcycle","2023-01-19 03:58:40","2023-01-19 03:58:40"
"4469","1089","themes/uploads/02020221214_1671001921.png","https://apps.rajodiya.com/ecommerce/themes/uploads/02020221214_1671001921.png","motorcycle","2023-01-19 03:58:40","2023-01-19 03:58:40"
"4470","1090","themes/uploads/01720221214_1671001971.png","https://apps.rajodiya.com/ecommerce/themes/uploads/01720221214_1671001971.png","motorcycle","2023-01-19 03:58:40","2023-01-19 03:58:40"
"4471","1090","themes/uploads/04420221214_1671001971.png","https://apps.rajodiya.com/ecommerce/themes/uploads/04420221214_1671001971.png","motorcycle","2023-01-19 03:58:40","2023-01-19 03:58:40"
"4472","1090","themes/uploads/02420221214_1671001971.png","https://apps.rajodiya.com/ecommerce/themes/uploads/02420221214_1671001971.png","motorcycle","2023-01-19 03:58:40","2023-01-19 03:58:40"
"4473","1091","themes/motorcycle/uploads/09320221214_1671002027.png","https://apps.rajodiya.com/ecommerce/themes/motorcycle/uploads/09320221214_1671002027.png","motorcycle","2023-01-19 03:58:40","2023-01-19 03:58:40"
"4474","1091","themes/motorcycle/uploads/06620221214_1671002027.png","https://apps.rajodiya.com/ecommerce/themes/motorcycle/uploads/06620221214_1671002027.png","motorcycle","2023-01-19 03:58:40","2023-01-19 03:58:40"
"4475","1091","themes/motorcycle/uploads/05820221214_1671002027.png","https://apps.rajodiya.com/ecommerce/themes/motorcycle/uploads/05820221214_1671002027.png","motorcycle","2023-01-19 03:58:40","2023-01-19 03:58:40"
"4476","1092","themes/uploads/09620221214_1671002073.png","https://apps.rajodiya.com/ecommerce/themes/uploads/09620221214_1671002073.png","motorcycle","2023-01-19 03:58:40","2023-01-19 03:58:40"
"4477","1092","themes/uploads/04320221214_1671002073.png","https://apps.rajodiya.com/ecommerce/themes/uploads/04320221214_1671002073.png","motorcycle","2023-01-19 03:58:40","2023-01-19 03:58:40"
"4478","1092","themes/uploads/01720221214_1671002073.png","https://apps.rajodiya.com/ecommerce/themes/uploads/01720221214_1671002073.png","motorcycle","2023-01-19 03:58:40","2023-01-19 03:58:40"
"4479","1093","themes/uploads/09020221214_1671002122.png","https://apps.rajodiya.com/ecommerce/themes/uploads/09020221214_1671002122.png","motorcycle","2023-01-19 03:58:40","2023-01-19 03:58:40"
"4480","1093","themes/uploads/03420221214_1671002122.png","https://apps.rajodiya.com/ecommerce/themes/uploads/03420221214_1671002122.png","motorcycle","2023-01-19 03:58:40","2023-01-19 03:58:40"
"4481","1093","themes/uploads/03720221214_1671002122.png","https://apps.rajodiya.com/ecommerce/themes/uploads/03720221214_1671002122.png","motorcycle","2023-01-19 03:58:40","2023-01-19 03:58:40"
"4482","1094","themes/motorcycle/uploads/02620221214_1671002153.png","https://apps.rajodiya.com/ecommerce/themes/motorcycle/uploads/02620221214_1671002153.png","motorcycle","2023-01-19 03:58:40","2023-01-19 03:58:40"
"4483","1094","themes/motorcycle/uploads/07920221214_1671002153.png","https://apps.rajodiya.com/ecommerce/themes/motorcycle/uploads/07920221214_1671002153.png","motorcycle","2023-01-19 03:58:40","2023-01-19 03:58:40"
"4484","1094","themes/motorcycle/uploads/04320221214_1671002153.png","https://apps.rajodiya.com/ecommerce/themes/motorcycle/uploads/04320221214_1671002153.png","motorcycle","2023-01-19 03:58:40","2023-01-19 03:58:40"
"4485","1095","themes/motorcycle/uploads/05520221214_1671002189.png","https://apps.rajodiya.com/ecommerce/themes/motorcycle/uploads/05520221214_1671002189.png","motorcycle","2023-01-19 03:58:40","2023-01-19 03:58:40"
"4486","1095","themes/motorcycle/uploads/0520221214_1671002189.png","https://apps.rajodiya.com/ecommerce/themes/motorcycle/uploads/0520221214_1671002189.png","motorcycle","2023-01-19 03:58:40","2023-01-19 03:58:40"
"4487","1095","themes/motorcycle/uploads/04920221214_1671002189.png","https://apps.rajodiya.com/ecommerce/themes/motorcycle/uploads/04920221214_1671002189.png","motorcycle","2023-01-19 03:58:40","2023-01-19 03:58:40"
"4488","1096","themes/uploads/01420221214_1671002232.png","https://apps.rajodiya.com/ecommerce/themes/uploads/01420221214_1671002232.png","motorcycle","2023-01-19 03:58:40","2023-01-19 03:58:40"
"4489","1096","themes/uploads/03320221214_1671002232.png","https://apps.rajodiya.com/ecommerce/themes/uploads/03320221214_1671002232.png","motorcycle","2023-01-19 03:58:40","2023-01-19 03:58:40"
"4490","1097","themes/motorcycle/uploads/07020221214_1671002267.png","https://apps.rajodiya.com/ecommerce/themes/motorcycle/uploads/07020221214_1671002267.png","motorcycle","2023-01-19 03:58:40","2023-01-19 03:58:40"
"4491","1097","themes/motorcycle/uploads/08120221214_1671002267.png","https://apps.rajodiya.com/ecommerce/themes/motorcycle/uploads/08120221214_1671002267.png","motorcycle","2023-01-19 03:58:40","2023-01-19 03:58:40"
"4492","1097","themes/motorcycle/uploads/09820221214_1671002267.png","https://apps.rajodiya.com/ecommerce/themes/motorcycle/uploads/09820221214_1671002267.png","motorcycle","2023-01-19 03:58:40","2023-01-19 03:58:40"
"4493","1098","themes/uploads/03020221214_1671002320.png","https://apps.rajodiya.com/ecommerce/themes/uploads/03020221214_1671002320.png","motorcycle","2023-01-19 03:58:40","2023-01-19 03:58:40"
"4494","1098","themes/uploads/08920221214_1671002320.png","https://apps.rajodiya.com/ecommerce/themes/uploads/08920221214_1671002320.png","motorcycle","2023-01-19 03:58:40","2023-01-19 03:58:40"
"4495","1098","themes/uploads/02720221214_1671002320.png","https://apps.rajodiya.com/ecommerce/themes/uploads/02720221214_1671002320.png","motorcycle","2023-01-19 03:58:40","2023-01-19 03:58:40"
"4496","1099","themes/motorcycle/uploads/09720221214_1671002356.png","https://apps.rajodiya.com/ecommerce/themes/motorcycle/uploads/09720221214_1671002356.png","motorcycle","2023-01-19 03:58:40","2023-01-19 03:58:40"
"4497","1099","themes/motorcycle/uploads/06320221214_1671002356.png","https://apps.rajodiya.com/ecommerce/themes/motorcycle/uploads/06320221214_1671002356.png","motorcycle","2023-01-19 03:58:40","2023-01-19 03:58:40"
"4498","1099","themes/motorcycle/uploads/09320221214_1671002356.png","https://apps.rajodiya.com/ecommerce/themes/motorcycle/uploads/09320221214_1671002356.png","motorcycle","2023-01-19 03:58:40","2023-01-19 03:58:40"
"4499","1100","themes/motorcycle/uploads/01820221214_1671002389.png","https://apps.rajodiya.com/ecommerce/themes/motorcycle/uploads/01820221214_1671002389.png","motorcycle","2023-01-19 03:58:40","2023-01-19 03:58:40"
"4500","1100","themes/motorcycle/uploads/05120221214_1671002389.png","https://apps.rajodiya.com/ecommerce/themes/motorcycle/uploads/05120221214_1671002389.png","motorcycle","2023-01-19 03:58:40","2023-01-19 03:58:40"
"4501","1100","themes/motorcycle/uploads/0720221214_1671002389.png","https://apps.rajodiya.com/ecommerce/themes/motorcycle/uploads/0720221214_1671002389.png","motorcycle","2023-01-19 03:58:40","2023-01-19 03:58:40"
"4502","1101","themes/uploads/04120221214_1671002438.png","https://apps.rajodiya.com/ecommerce/themes/uploads/04120221214_1671002438.png","motorcycle","2023-01-19 03:58:40","2023-01-19 03:58:40"
"4503","1101","themes/uploads/04920221214_1671002438.png","https://apps.rajodiya.com/ecommerce/themes/uploads/04920221214_1671002438.png","motorcycle","2023-01-19 03:58:40","2023-01-19 03:58:40"
"4504","1101","themes/uploads/01320221214_1671002438.png","https://apps.rajodiya.com/ecommerce/themes/uploads/01320221214_1671002438.png","motorcycle","2023-01-19 03:58:40","2023-01-19 03:58:40"
"4505","1102","themes/motorcycle/uploads/02320221214_1671002471.png","https://apps.rajodiya.com/ecommerce/themes/motorcycle/uploads/02320221214_1671002471.png","motorcycle","2023-01-19 03:58:40","2023-01-19 03:58:40"
"4506","1102","themes/motorcycle/uploads/01420221214_1671002471.png","https://apps.rajodiya.com/ecommerce/themes/motorcycle/uploads/01420221214_1671002471.png","motorcycle","2023-01-19 03:58:40","2023-01-19 03:58:40"
"4507","1102","themes/motorcycle/uploads/04420221214_1671002471.png","https://apps.rajodiya.com/ecommerce/themes/motorcycle/uploads/04420221214_1671002471.png","motorcycle","2023-01-19 03:58:40","2023-01-19 03:58:40"
"4508","1103","themes/motorcycle/uploads/08520221214_1671002504.png","https://apps.rajodiya.com/ecommerce/themes/motorcycle/uploads/08520221214_1671002504.png","motorcycle","2023-01-19 03:58:40","2023-01-19 03:58:40"
"4509","1103","themes/motorcycle/uploads/03320221214_1671002504.png","https://apps.rajodiya.com/ecommerce/themes/motorcycle/uploads/03320221214_1671002504.png","motorcycle","2023-01-19 03:58:40","2023-01-19 03:58:40"
"4510","1103","themes/motorcycle/uploads/02220221214_1671002504.png","https://apps.rajodiya.com/ecommerce/themes/motorcycle/uploads/02220221214_1671002504.png","motorcycle","2023-01-19 03:58:40","2023-01-19 03:58:40"
"4511","1104","themes/uploads/0620221214_1671002548.png","https://apps.rajodiya.com/ecommerce/themes/uploads/0620221214_1671002548.png","motorcycle","2023-01-19 03:58:40","2023-01-19 03:58:40"
"4512","1104","themes/uploads/0120221214_1671002548.png","https://apps.rajodiya.com/ecommerce/themes/uploads/0120221214_1671002548.png","motorcycle","2023-01-19 03:58:40","2023-01-19 03:58:40"
"4513","1104","themes/uploads/09720221214_1671002548.png","https://apps.rajodiya.com/ecommerce/themes/uploads/09720221214_1671002548.png","motorcycle","2023-01-19 03:58:40","2023-01-19 03:58:40"
"4514","1105","themes/motorcycle/uploads/09320221214_1671002579.png","https://apps.rajodiya.com/ecommerce/themes/motorcycle/uploads/09320221214_1671002579.png","motorcycle","2023-01-19 03:58:40","2023-01-19 03:58:40"
"4515","1105","themes/motorcycle/uploads/01220221214_1671002579.png","https://apps.rajodiya.com/ecommerce/themes/motorcycle/uploads/01220221214_1671002579.png","motorcycle","2023-01-19 03:58:40","2023-01-19 03:58:40"
"4516","1105","themes/motorcycle/uploads/06020221214_1671002579.png","https://apps.rajodiya.com/ecommerce/themes/motorcycle/uploads/06020221214_1671002579.png","motorcycle","2023-01-19 03:58:40","2023-01-19 03:58:40"
"4517","1106","themes/motorcycle/uploads/09220221214_1671002611.png","https://apps.rajodiya.com/ecommerce/themes/motorcycle/uploads/09220221214_1671002611.png","motorcycle","2023-01-19 03:58:40","2023-01-19 03:58:40"
"4518","1106","themes/motorcycle/uploads/05820221214_1671002611.png","https://apps.rajodiya.com/ecommerce/themes/motorcycle/uploads/05820221214_1671002611.png","motorcycle","2023-01-19 03:58:40","2023-01-19 03:58:40"
"4519","1106","themes/motorcycle/uploads/01520221214_1671002611.png","https://apps.rajodiya.com/ecommerce/themes/motorcycle/uploads/01520221214_1671002611.png","motorcycle","2023-01-19 03:58:40","2023-01-19 03:58:40"
"4520","1107","themes/motorcycle/uploads/0120221214_1671002645.png","https://apps.rajodiya.com/ecommerce/themes/motorcycle/uploads/0120221214_1671002645.png","motorcycle","2023-01-19 03:58:40","2023-01-19 03:58:40"
"4521","1107","themes/motorcycle/uploads/05820221214_1671002645.png","https://apps.rajodiya.com/ecommerce/themes/motorcycle/uploads/05820221214_1671002645.png","motorcycle","2023-01-19 03:58:40","2023-01-19 03:58:40"
"4522","1107","themes/motorcycle/uploads/09820221214_1671002645.png","https://apps.rajodiya.com/ecommerce/themes/motorcycle/uploads/09820221214_1671002645.png","motorcycle","2023-01-19 03:58:40","2023-01-19 03:58:40"
"4523","1108","themes/uploads/03220221214_1671002692.png","https://apps.rajodiya.com/ecommerce/themes/uploads/03220221214_1671002692.png","motorcycle","2023-01-19 03:58:40","2023-01-19 03:58:40"
"4524","1108","themes/uploads/0120221214_1671002692.png","https://apps.rajodiya.com/ecommerce/themes/uploads/0120221214_1671002692.png","motorcycle","2023-01-19 03:58:40","2023-01-19 03:58:40"
"4525","1108","themes/uploads/02720221214_1671002692.png","https://apps.rajodiya.com/ecommerce/themes/uploads/02720221214_1671002692.png","motorcycle","2023-01-19 03:58:40","2023-01-19 03:58:40"
"4526","1109","themes/uploads/09420221214_1671002798.png","https://apps.rajodiya.com/ecommerce/themes/uploads/09420221214_1671002798.png","motorcycle","2023-01-19 03:58:40","2023-01-19 03:58:40"
"4527","1110","themes/motorcycle/uploads/06020221214_1671002838.png","https://apps.rajodiya.com/ecommerce/themes/motorcycle/uploads/06020221214_1671002838.png","motorcycle","2023-01-19 03:58:40","2023-01-19 03:58:40"
"4528","1111","themes/motorcycle/uploads/07620221214_1671002872.png","https://apps.rajodiya.com/ecommerce/themes/motorcycle/uploads/07620221214_1671002872.png","motorcycle","2023-01-19 03:58:40","2023-01-19 03:58:40"
"4529","1112","themes/motorcycle/uploads/06420221214_1671002906.png","https://apps.rajodiya.com/ecommerce/themes/motorcycle/uploads/06420221214_1671002906.png","motorcycle","2023-01-19 03:58:40","2023-01-19 03:58:40"
"4530","1113","themes/uploads/05720221214_1671002975.png","https://apps.rajodiya.com/ecommerce/themes/uploads/05720221214_1671002975.png","motorcycle","2023-01-19 03:58:40","2023-01-19 03:58:40"
"4531","1114","themes/motorcycle/uploads/07120221214_1671003008.png","https://apps.rajodiya.com/ecommerce/themes/motorcycle/uploads/07120221214_1671003008.png","motorcycle","2023-01-19 03:58:40","2023-01-19 03:58:40"
"4532","1115","themes/motorcycle/uploads/02520221214_1671006805.png","https://apps.rajodiya.com/ecommerce/themes/motorcycle/uploads/02520221214_1671006805.png","motorcycle","2023-01-19 03:58:40","2023-01-19 03:58:40"
"4533","1116","themes/uploads/05820221214_1671006871.png","https://apps.rajodiya.com/ecommerce/themes/uploads/05820221214_1671006871.png","motorcycle","2023-01-19 03:58:40","2023-01-19 03:58:40"
"4534","1117","themes/motorcycle/uploads/07320221214_1671006918.png","https://apps.rajodiya.com/ecommerce/themes/motorcycle/uploads/07320221214_1671006918.png","motorcycle","2023-01-19 03:58:40","2023-01-19 03:58:40"
"4535","1118","themes/uploads/01420221214_1671006960.png","https://apps.rajodiya.com/ecommerce/themes/uploads/01420221214_1671006960.png","motorcycle","2023-01-19 03:58:40","2023-01-19 03:58:40"
"4536","1119","themes/motorcycle/uploads/03820221214_1671006988.png","https://apps.rajodiya.com/ecommerce/themes/motorcycle/uploads/03820221214_1671006988.png","motorcycle","2023-01-19 03:58:40","2023-01-19 03:58:40"
"4537","1120","themes/motorcycle/uploads/0220221214_1671007053.png","https://apps.rajodiya.com/ecommerce/themes/motorcycle/uploads/0220221214_1671007053.png","motorcycle","2023-01-19 03:58:40","2023-01-19 03:58:40"
"4538","1121","themes/uploads/03520221214_1671007105.png","https://apps.rajodiya.com/ecommerce/themes/uploads/03520221214_1671007105.png","motorcycle","2023-01-19 03:58:40","2023-01-19 03:58:40"
"4539","1122","themes/motorcycle/uploads/09820221214_1671007153.png","https://apps.rajodiya.com/ecommerce/themes/motorcycle/uploads/09820221214_1671007153.png","motorcycle","2023-01-19 03:58:40","2023-01-19 03:58:40"
"4540","1123","themes/motorcycle/uploads/04920221214_1671007181.png","https://apps.rajodiya.com/ecommerce/themes/motorcycle/uploads/04920221214_1671007181.png","motorcycle","2023-01-19 03:58:40","2023-01-19 03:58:40"
"4541","1124","themes/uploads/03520221214_1671007230.png","https://apps.rajodiya.com/ecommerce/themes/uploads/03520221214_1671007230.png","motorcycle","2023-01-19 03:58:40","2023-01-19 03:58:40"
"4542","1125","themes/motorcycle/uploads/07420221214_1671007262.png","https://apps.rajodiya.com/ecommerce/themes/motorcycle/uploads/07420221214_1671007262.png","motorcycle","2023-01-19 03:58:40","2023-01-19 03:58:40"
"4543","1126","themes/motorcycle/uploads/06320221214_1671007294.png","https://apps.rajodiya.com/ecommerce/themes/motorcycle/uploads/06320221214_1671007294.png","motorcycle","2023-01-19 03:58:40","2023-01-19 03:58:40"
"4544","1127","themes/uploads/07020221214_1671007341.png","https://apps.rajodiya.com/ecommerce/themes/uploads/07020221214_1671007341.png","motorcycle","2023-01-19 03:58:40","2023-01-19 03:58:40"
"4545","1128","themes/motorcycle/uploads/07820221214_1671007380.png","https://apps.rajodiya.com/ecommerce/themes/motorcycle/uploads/07820221214_1671007380.png","motorcycle","2023-01-19 03:58:40","2023-01-19 03:58:40"
"4546","1129","themes/motorcycle/uploads/0720221214_1671007415.png","https://apps.rajodiya.com/ecommerce/themes/motorcycle/uploads/0720221214_1671007415.png","motorcycle","2023-01-19 03:58:40","2023-01-19 03:58:40"
"4547","1130","themes/uploads/0620221214_1671007499.png","https://apps.rajodiya.com/ecommerce/themes/uploads/0620221214_1671007499.png","motorcycle","2023-01-19 03:58:40","2023-01-19 03:58:40"
"4548","1130","themes/uploads/08120221214_1671007499.png","https://apps.rajodiya.com/ecommerce/themes/uploads/08120221214_1671007499.png","motorcycle","2023-01-19 03:58:40","2023-01-19 03:58:40"
"4549","1130","themes/uploads/0320221214_1671007499.png","https://apps.rajodiya.com/ecommerce/themes/uploads/0320221214_1671007499.png","motorcycle","2023-01-19 03:58:40","2023-01-19 03:58:40"
"4550","1131","themes/uploads/07620221214_1671007544.png","https://apps.rajodiya.com/ecommerce/themes/uploads/07620221214_1671007544.png","motorcycle","2023-01-19 03:58:40","2023-01-19 03:58:40"
"4551","1131","themes/uploads/04320221214_1671007544.png","https://apps.rajodiya.com/ecommerce/themes/uploads/04320221214_1671007544.png","motorcycle","2023-01-19 03:58:40","2023-01-19 03:58:40"
"4552","1131","themes/uploads/02720221214_1671007544.png","https://apps.rajodiya.com/ecommerce/themes/uploads/02720221214_1671007544.png","motorcycle","2023-01-19 03:58:40","2023-01-19 03:58:40"
"4553","1132","themes/motorcycle/uploads/06720221214_1671007582.png","https://apps.rajodiya.com/ecommerce/themes/motorcycle/uploads/06720221214_1671007582.png","motorcycle","2023-01-19 03:58:40","2023-01-19 03:58:40"
"4554","1132","themes/motorcycle/uploads/04220221214_1671007582.png","https://apps.rajodiya.com/ecommerce/themes/motorcycle/uploads/04220221214_1671007582.png","motorcycle","2023-01-19 03:58:40","2023-01-19 03:58:40"
"4555","1132","themes/motorcycle/uploads/03720221214_1671007582.png","https://apps.rajodiya.com/ecommerce/themes/motorcycle/uploads/03720221214_1671007582.png","motorcycle","2023-01-19 03:58:40","2023-01-19 03:58:40"
"4556","1133","themes/uploads/07020221214_1671007663.png","https://apps.rajodiya.com/ecommerce/themes/uploads/07020221214_1671007663.png","motorcycle","2023-01-19 03:58:40","2023-01-19 03:58:40"
"4557","1133","themes/uploads/09020221214_1671007663.png","https://apps.rajodiya.com/ecommerce/themes/uploads/09020221214_1671007663.png","motorcycle","2023-01-19 03:58:40","2023-01-19 03:58:40"
"4558","1133","themes/uploads/01920221214_1671007663.png","https://apps.rajodiya.com/ecommerce/themes/uploads/01920221214_1671007663.png","motorcycle","2023-01-19 03:58:40","2023-01-19 03:58:40"
"4559","1134","themes/motorcycle/uploads/08420221214_1671007692.png","https://apps.rajodiya.com/ecommerce/themes/motorcycle/uploads/08420221214_1671007692.png","motorcycle","2023-01-19 03:58:40","2023-01-19 03:58:40"
"4560","1134","themes/motorcycle/uploads/05920221214_1671007692.png","https://apps.rajodiya.com/ecommerce/themes/motorcycle/uploads/05920221214_1671007692.png","motorcycle","2023-01-19 03:58:40","2023-01-19 03:58:40"
"4561","1134","themes/motorcycle/uploads/01120221214_1671007692.png","https://apps.rajodiya.com/ecommerce/themes/motorcycle/uploads/01120221214_1671007692.png","motorcycle","2023-01-19 03:58:40","2023-01-19 03:58:40"
"4562","1135","themes/motorcycle/uploads/08620221214_1671007724.png","https://apps.rajodiya.com/ecommerce/themes/motorcycle/uploads/08620221214_1671007724.png","motorcycle","2023-01-19 03:58:40","2023-01-19 03:58:40"
"4563","1135","themes/motorcycle/uploads/08020221214_1671007724.png","https://apps.rajodiya.com/ecommerce/themes/motorcycle/uploads/08020221214_1671007724.png","motorcycle","2023-01-19 03:58:40","2023-01-19 03:58:40"
"4564","1135","themes/motorcycle/uploads/01720221214_1671007724.png","https://apps.rajodiya.com/ecommerce/themes/motorcycle/uploads/01720221214_1671007724.png","motorcycle","2023-01-19 03:58:40","2023-01-19 03:58:40"
"4565","1136","themes/uploads/09220221214_1671007769.png","https://apps.rajodiya.com/ecommerce/themes/uploads/09220221214_1671007769.png","motorcycle","2023-01-19 03:58:40","2023-01-19 03:58:40"
"4566","1136","themes/uploads/03120221214_1671007769.png","https://apps.rajodiya.com/ecommerce/themes/uploads/03120221214_1671007769.png","motorcycle","2023-01-19 03:58:40","2023-01-19 03:58:40"
"4567","1136","themes/uploads/0420221214_1671007769.png","https://apps.rajodiya.com/ecommerce/themes/uploads/0420221214_1671007769.png","motorcycle","2023-01-19 03:58:40","2023-01-19 03:58:40"
"4568","1137","themes/uploads/01020221214_1671007828.png","https://apps.rajodiya.com/ecommerce/themes/uploads/01020221214_1671007828.png","motorcycle","2023-01-19 03:58:40","2023-01-19 03:58:40"
"4569","1137","themes/uploads/03220221214_1671007828.png","https://apps.rajodiya.com/ecommerce/themes/uploads/03220221214_1671007828.png","motorcycle","2023-01-19 03:58:40","2023-01-19 03:58:40"
"4570","1137","themes/uploads/04020221214_1671007828.png","https://apps.rajodiya.com/ecommerce/themes/uploads/04020221214_1671007828.png","motorcycle","2023-01-19 03:58:40","2023-01-19 03:58:40"
"4571","1138","themes/motorcycle/uploads/0020221214_1671007858.png","https://apps.rajodiya.com/ecommerce/themes/motorcycle/uploads/0020221214_1671007858.png","motorcycle","2023-01-19 03:58:40","2023-01-19 03:58:40"
"4572","1139","themes/motorcycle/uploads/09420221214_1671007891.png","https://apps.rajodiya.com/ecommerce/themes/motorcycle/uploads/09420221214_1671007891.png","motorcycle","2023-01-19 03:58:40","2023-01-19 03:58:40"
"4573","1140","themes/uploads/01120221214_1671007933.png","https://apps.rajodiya.com/ecommerce/themes/uploads/01120221214_1671007933.png","motorcycle","2023-01-19 03:58:40","2023-01-19 03:58:40"
"4574","1141","themes/motorcycle/uploads/0220221214_1671007966.png","https://apps.rajodiya.com/ecommerce/themes/motorcycle/uploads/0220221214_1671007966.png","motorcycle","2023-01-19 03:58:40","2023-01-19 03:58:40"
"4575","1142","themes/motorcycle/uploads/05520221214_1671007997.png","https://apps.rajodiya.com/ecommerce/themes/motorcycle/uploads/05520221214_1671007997.png","motorcycle","2023-01-19 03:58:40","2023-01-19 03:58:40"
"4576","1142","themes/motorcycle/uploads/07220221214_1671007997.png","https://apps.rajodiya.com/ecommerce/themes/motorcycle/uploads/07220221214_1671007997.png","motorcycle","2023-01-19 03:58:40","2023-01-19 03:58:40"
"4577","1142","themes/motorcycle/uploads/08620221214_1671007997.png","https://apps.rajodiya.com/ecommerce/themes/motorcycle/uploads/08620221214_1671007997.png","motorcycle","2023-01-19 03:58:40","2023-01-19 03:58:40"
"4864","1235","themes/motorcycle/uploads/67_1672894763_2112e19c-49ab-4126-a439-07fe5b98f62c.jpg","http://localhost/latest_Ecommarce-dev2/Ecommarce-dev2/themes/themes/motorcycle/uploads/67_1672894763_2112e19c-49ab-4126-a439-07fe5b98f62c.jpg","motorcycle","2023-01-19 03:58:40","2023-01-19 03:58:40"
"4865","1236","themes/motorcycle/uploads/32_1672894805_cod.jpg","http://localhost/latest_Ecommarce-dev2/Ecommarce-dev2/themes/themes/motorcycle/uploads/32_1672894805_cod.jpg","motorcycle","2023-01-19 03:58:40","2023-01-19 03:58:40"
