"5373","1321","themes/giftsforher/uploads/18_1674554637_1.png","http://localhost/Ecommarce-dev2/themes/giftsforher/uploads/18_1674554637_1.png","giftsforher","2023-01-24 10:03:57","2023-01-24 10:03:57"
"5374","1321","themes/giftsforher/uploads/33_1674554637_2.png","http://localhost/Ecommarce-dev2/themes/giftsforher/uploads/33_1674554637_2.png","giftsforher","2023-01-24 10:03:57","2023-01-24 10:03:57"
"5375","1321","themes/giftsforher/uploads/50_1674554637_3.png","http://localhost/Ecommarce-dev2/themes/giftsforher/uploads/50_1674554637_3.png","giftsforher","2023-01-24 10:03:57","2023-01-24 10:03:57"
"5376","1322","themes/giftsforher/uploads/66_1674554794_1.png","http://localhost/Ecommarce-dev2/themes/giftsforher/uploads/66_1674554794_1.png","giftsforher","2023-01-24 10:06:34","2023-01-24 10:06:34"
"5377","1322","themes/giftsforher/uploads/29_1674554794_2.png","http://localhost/Ecommarce-dev2/themes/giftsforher/uploads/29_1674554794_2.png","giftsforher","2023-01-24 10:06:34","2023-01-24 10:06:34"
"5378","1322","themes/giftsforher/uploads/85_1674554794_3.png","http://localhost/Ecommarce-dev2/themes/giftsforher/uploads/85_1674554794_3.png","giftsforher","2023-01-24 10:06:34","2023-01-24 10:06:34"
"5379","1322","themes/giftsforher/uploads/65_1674554794_4.png","http://localhost/Ecommarce-dev2/themes/giftsforher/uploads/65_1674554794_4.png","giftsforher","2023-01-24 10:06:34","2023-01-24 10:06:34"
"5380","1323","themes/giftsforher/uploads/28_1674554848_1.png","http://localhost/Ecommarce-dev2/themes/giftsforher/uploads/28_1674554848_1.png","giftsforher","2023-01-24 10:07:28","2023-01-24 10:07:28"
"5381","1323","themes/giftsforher/uploads/48_1674554848_2.png","http://localhost/Ecommarce-dev2/themes/giftsforher/uploads/48_1674554848_2.png","giftsforher","2023-01-24 10:07:28","2023-01-24 10:07:28"
"5382","1323","themes/giftsforher/uploads/71_1674554848_3.png","http://localhost/Ecommarce-dev2/themes/giftsforher/uploads/71_1674554848_3.png","giftsforher","2023-01-24 10:07:28","2023-01-24 10:07:28"
"5383","1324","themes/giftsforher/uploads/97_1674554896_1.png","http://localhost/Ecommarce-dev2/themes/giftsforher/uploads/97_1674554896_1.png","giftsforher","2023-01-24 10:08:16","2023-01-24 10:08:16"
"5384","1324","themes/giftsforher/uploads/99_1674554898_2.png","http://localhost/Ecommarce-dev2/themes/giftsforher/uploads/99_1674554898_2.png","giftsforher","2023-01-24 10:08:18","2023-01-24 10:08:18"
"5385","1324","themes/giftsforher/uploads/11_1674554899_3.png","http://localhost/Ecommarce-dev2/themes/giftsforher/uploads/11_1674554899_3.png","giftsforher","2023-01-24 10:08:19","2023-01-24 10:08:19"
"5386","1324","themes/giftsforher/uploads/96_1674554899_4.png","http://localhost/Ecommarce-dev2/themes/giftsforher/uploads/96_1674554899_4.png","giftsforher","2023-01-24 10:08:19","2023-01-24 10:08:19"
"5387","1325","themes/giftsforher/uploads/57_1674554974_1.png","http://localhost/Ecommarce-dev2/themes/giftsforher/uploads/57_1674554974_1.png","giftsforher","2023-01-24 10:09:34","2023-01-24 10:09:34"
"5388","1325","themes/giftsforher/uploads/78_1674554974_2.png","http://localhost/Ecommarce-dev2/themes/giftsforher/uploads/78_1674554974_2.png","giftsforher","2023-01-24 10:09:34","2023-01-24 10:09:34"
"5389","1325","themes/giftsforher/uploads/14_1674554974_3.png","http://localhost/Ecommarce-dev2/themes/giftsforher/uploads/14_1674554974_3.png","giftsforher","2023-01-24 10:09:34","2023-01-24 10:09:34"
"5390","1326","themes/giftsforher/uploads/77_1674555116_1.png","http://localhost/Ecommarce-dev2/themes/giftsforher/uploads/77_1674555116_1.png","giftsforher","2023-01-24 10:11:56","2023-01-24 10:11:56"
"5391","1326","themes/giftsforher/uploads/32_1674555116_2.png","http://localhost/Ecommarce-dev2/themes/giftsforher/uploads/32_1674555116_2.png","giftsforher","2023-01-24 10:11:56","2023-01-24 10:11:56"
"5392","1326","themes/giftsforher/uploads/53_1674555116_3.png","http://localhost/Ecommarce-dev2/themes/giftsforher/uploads/53_1674555116_3.png","giftsforher","2023-01-24 10:11:56","2023-01-24 10:11:56"
"5393","1326","themes/giftsforher/uploads/76_1674555116_4.png","http://localhost/Ecommarce-dev2/themes/giftsforher/uploads/76_1674555116_4.png","giftsforher","2023-01-24 10:11:56","2023-01-24 10:11:56"
"5394","1327","themes/giftsforher/uploads/14_1674555196_1.png","http://localhost/Ecommarce-dev2/themes/giftsforher/uploads/14_1674555196_1.png","giftsforher","2023-01-24 10:13:16","2023-01-24 10:13:16"
"5395","1327","themes/giftsforher/uploads/32_1674555196_2.png","http://localhost/Ecommarce-dev2/themes/giftsforher/uploads/32_1674555196_2.png","giftsforher","2023-01-24 10:13:16","2023-01-24 10:13:16"
"5396","1327","themes/giftsforher/uploads/42_1674555196_3.png","http://localhost/Ecommarce-dev2/themes/giftsforher/uploads/42_1674555196_3.png","giftsforher","2023-01-24 10:13:16","2023-01-24 10:13:16"
"5397","1327","themes/giftsforher/uploads/80_1674555196_4.png","http://localhost/Ecommarce-dev2/themes/giftsforher/uploads/80_1674555196_4.png","giftsforher","2023-01-24 10:13:16","2023-01-24 10:13:16"
"5398","1328","themes/giftsforher/uploads/54_1674555261_1.png","http://localhost/Ecommarce-dev2/themes/giftsforher/uploads/54_1674555261_1.png","giftsforher","2023-01-24 10:14:21","2023-01-24 10:14:21"
"5399","1328","themes/giftsforher/uploads/25_1674555264_2.png","http://localhost/Ecommarce-dev2/themes/giftsforher/uploads/25_1674555264_2.png","giftsforher","2023-01-24 10:14:24","2023-01-24 10:14:24"
"5400","1328","themes/giftsforher/uploads/41_1674555265_3.png","http://localhost/Ecommarce-dev2/themes/giftsforher/uploads/41_1674555265_3.png","giftsforher","2023-01-24 10:14:25","2023-01-24 10:14:25"
"5401","1328","themes/giftsforher/uploads/58_1674555265_4.png","http://localhost/Ecommarce-dev2/themes/giftsforher/uploads/58_1674555265_4.png","giftsforher","2023-01-24 10:14:25","2023-01-24 10:14:25"
"5402","1329","themes/giftsforher/uploads/76_1674555464_1.png","http://localhost/Ecommarce-dev2/themes/giftsforher/uploads/76_1674555464_1.png","giftsforher","2023-01-24 10:17:44","2023-01-24 10:17:44"
"5403","1329","themes/giftsforher/uploads/54_1674555464_2.png","http://localhost/Ecommarce-dev2/themes/giftsforher/uploads/54_1674555464_2.png","giftsforher","2023-01-24 10:17:44","2023-01-24 10:17:44"
"5404","1329","themes/giftsforher/uploads/89_1674555465_3.png","http://localhost/Ecommarce-dev2/themes/giftsforher/uploads/89_1674555465_3.png","giftsforher","2023-01-24 10:17:45","2023-01-24 10:17:45"
"5405","1329","themes/giftsforher/uploads/91_1674555465_4.png","http://localhost/Ecommarce-dev2/themes/giftsforher/uploads/91_1674555465_4.png","giftsforher","2023-01-24 10:17:45","2023-01-24 10:17:45"
"5406","1329","themes/giftsforher/uploads/26_1674555466_5.png","http://localhost/Ecommarce-dev2/themes/giftsforher/uploads/26_1674555466_5.png","giftsforher","2023-01-24 10:17:46","2023-01-24 10:17:46"
"5407","1330","themes/giftsforher/uploads/36_1674555568_1.png","http://localhost/Ecommarce-dev2/themes/giftsforher/uploads/36_1674555568_1.png","giftsforher","2023-01-24 10:19:28","2023-01-24 10:19:28"
"5408","1330","themes/giftsforher/uploads/10_1674555569_2.png","http://localhost/Ecommarce-dev2/themes/giftsforher/uploads/10_1674555569_2.png","giftsforher","2023-01-24 10:19:29","2023-01-24 10:19:29"
"5409","1330","themes/giftsforher/uploads/53_1674555569_3.png","http://localhost/Ecommarce-dev2/themes/giftsforher/uploads/53_1674555569_3.png","giftsforher","2023-01-24 10:19:29","2023-01-24 10:19:29"
"5410","1330","themes/giftsforher/uploads/66_1674555569_4.png","http://localhost/Ecommarce-dev2/themes/giftsforher/uploads/66_1674555569_4.png","giftsforher","2023-01-24 10:19:29","2023-01-24 10:19:29"
"5411","1331","themes/giftsforher/uploads/39_1674555672_1.png","http://localhost/Ecommarce-dev2/themes/giftsforher/uploads/39_1674555672_1.png","giftsforher","2023-01-24 10:21:12","2023-01-24 10:21:12"
"5412","1331","themes/giftsforher/uploads/34_1674555672_2.png","http://localhost/Ecommarce-dev2/themes/giftsforher/uploads/34_1674555672_2.png","giftsforher","2023-01-24 10:21:12","2023-01-24 10:21:12"
"5413","1331","themes/giftsforher/uploads/35_1674555672_3.png","http://localhost/Ecommarce-dev2/themes/giftsforher/uploads/35_1674555672_3.png","giftsforher","2023-01-24 10:21:12","2023-01-24 10:21:12"
"5414","1331","themes/giftsforher/uploads/100_1674555672_4.png","http://localhost/Ecommarce-dev2/themes/giftsforher/uploads/100_1674555672_4.png","giftsforher","2023-01-24 10:21:12","2023-01-24 10:21:12"
"5415","1331","themes/giftsforher/uploads/70_1674555672_5.png","http://localhost/Ecommarce-dev2/themes/giftsforher/uploads/70_1674555672_5.png","giftsforher","2023-01-24 10:21:12","2023-01-24 10:21:12"
"5416","1331","themes/giftsforher/uploads/28_1674555673_6.png","http://localhost/Ecommarce-dev2/themes/giftsforher/uploads/28_1674555673_6.png","giftsforher","2023-01-24 10:21:13","2023-01-24 10:21:13"
"5417","1332","themes/giftsforher/uploads/28_1674555717_1.png","http://localhost/Ecommarce-dev2/themes/giftsforher/uploads/28_1674555717_1.png","giftsforher","2023-01-24 10:21:57","2023-01-24 10:21:57"
"5418","1332","themes/giftsforher/uploads/58_1674555718_2.png","http://localhost/Ecommarce-dev2/themes/giftsforher/uploads/58_1674555718_2.png","giftsforher","2023-01-24 10:21:58","2023-01-24 10:21:58"
"5419","1332","themes/giftsforher/uploads/80_1674555719_3.png","http://localhost/Ecommarce-dev2/themes/giftsforher/uploads/80_1674555719_3.png","giftsforher","2023-01-24 10:21:59","2023-01-24 10:21:59"
"5420","1332","themes/giftsforher/uploads/59_1674555719_4.png","http://localhost/Ecommarce-dev2/themes/giftsforher/uploads/59_1674555719_4.png","giftsforher","2023-01-24 10:21:59","2023-01-24 10:21:59"
"5421","1333","themes/giftsforher/uploads/59_1674555787_1.png","http://localhost/Ecommarce-dev2/themes/giftsforher/uploads/59_1674555787_1.png","giftsforher","2023-01-24 10:23:07","2023-01-24 10:23:07"
"5422","1333","themes/giftsforher/uploads/11_1674555787_2.png","http://localhost/Ecommarce-dev2/themes/giftsforher/uploads/11_1674555787_2.png","giftsforher","2023-01-24 10:23:07","2023-01-24 10:23:07"
"5423","1333","themes/giftsforher/uploads/21_1674555787_3.png","http://localhost/Ecommarce-dev2/themes/giftsforher/uploads/21_1674555787_3.png","giftsforher","2023-01-24 10:23:07","2023-01-24 10:23:07"
"5424","1334","themes/giftsforher/uploads/60_1674555830_1.png","http://localhost/Ecommarce-dev2/themes/giftsforher/uploads/60_1674555830_1.png","giftsforher","2023-01-24 10:23:50","2023-01-24 10:23:50"
"5425","1334","themes/giftsforher/uploads/18_1674555830_2.png","http://localhost/Ecommarce-dev2/themes/giftsforher/uploads/18_1674555830_2.png","giftsforher","2023-01-24 10:23:50","2023-01-24 10:23:50"
"5426","1334","themes/giftsforher/uploads/31_1674555830_3.png","http://localhost/Ecommarce-dev2/themes/giftsforher/uploads/31_1674555830_3.png","giftsforher","2023-01-24 10:23:50","2023-01-24 10:23:50"
"5427","1335","themes/giftsforher/uploads/35_1674555907_1.png","http://localhost/Ecommarce-dev2/themes/giftsforher/uploads/35_1674555907_1.png","giftsforher","2023-01-24 10:25:07","2023-01-24 10:25:07"
"5428","1335","themes/giftsforher/uploads/46_1674555907_2.png","http://localhost/Ecommarce-dev2/themes/giftsforher/uploads/46_1674555907_2.png","giftsforher","2023-01-24 10:25:07","2023-01-24 10:25:07"
"5429","1335","themes/giftsforher/uploads/20_1674555907_3.png","http://localhost/Ecommarce-dev2/themes/giftsforher/uploads/20_1674555907_3.png","giftsforher","2023-01-24 10:25:07","2023-01-24 10:25:07"
"5430","1335","themes/giftsforher/uploads/88_1674555907_4.png","http://localhost/Ecommarce-dev2/themes/giftsforher/uploads/88_1674555907_4.png","giftsforher","2023-01-24 10:25:07","2023-01-24 10:25:07"
"5431","1336","themes/giftsforher/uploads/71_1674555960_1.png","http://localhost/Ecommarce-dev2/themes/giftsforher/uploads/71_1674555960_1.png","giftsforher","2023-01-24 10:26:00","2023-01-24 10:26:00"
"5432","1336","themes/giftsforher/uploads/50_1674555960_2.png","http://localhost/Ecommarce-dev2/themes/giftsforher/uploads/50_1674555960_2.png","giftsforher","2023-01-24 10:26:00","2023-01-24 10:26:00"
"5433","1337","themes/giftsforher/uploads/96_1674556017_1.png","http://localhost/Ecommarce-dev2/themes/giftsforher/uploads/96_1674556017_1.png","giftsforher","2023-01-24 10:26:57","2023-01-24 10:26:57"
"5434","1337","themes/giftsforher/uploads/35_1674556017_2.png","http://localhost/Ecommarce-dev2/themes/giftsforher/uploads/35_1674556017_2.png","giftsforher","2023-01-24 10:26:57","2023-01-24 10:26:57"
"5435","1338","themes/giftsforher/uploads/15_1674556067_1.png","http://localhost/Ecommarce-dev2/themes/giftsforher/uploads/15_1674556067_1.png","giftsforher","2023-01-24 10:27:47","2023-01-24 10:27:47"
"5436","1338","themes/giftsforher/uploads/37_1674556067_2.png","http://localhost/Ecommarce-dev2/themes/giftsforher/uploads/37_1674556067_2.png","giftsforher","2023-01-24 10:27:47","2023-01-24 10:27:47"
"5437","1338","themes/giftsforher/uploads/85_1674556067_3.png","http://localhost/Ecommarce-dev2/themes/giftsforher/uploads/85_1674556067_3.png","giftsforher","2023-01-24 10:27:47","2023-01-24 10:27:47"
"5438","1339","themes/giftsforher/uploads/71_1674556122_1.png","http://localhost/Ecommarce-dev2/themes/giftsforher/uploads/71_1674556122_1.png","giftsforher","2023-01-24 10:28:42","2023-01-24 10:28:42"
"5439","1339","themes/giftsforher/uploads/95_1674556122_2.png","http://localhost/Ecommarce-dev2/themes/giftsforher/uploads/95_1674556122_2.png","giftsforher","2023-01-24 10:28:42","2023-01-24 10:28:42"
"5440","1339","themes/giftsforher/uploads/10_1674556122_3.png","http://localhost/Ecommarce-dev2/themes/giftsforher/uploads/10_1674556122_3.png","giftsforher","2023-01-24 10:28:42","2023-01-24 10:28:42"
"5441","1340","themes/giftsforher/uploads/98_1674556179_6.png","http://localhost/Ecommarce-dev2/themes/giftsforher/uploads/98_1674556179_6.png","giftsforher","2023-01-24 10:29:39","2023-01-24 10:29:39"
"5442","1340","themes/giftsforher/uploads/66_1674556180_7.png","http://localhost/Ecommarce-dev2/themes/giftsforher/uploads/66_1674556180_7.png","giftsforher","2023-01-24 10:29:40","2023-01-24 10:29:40"
"5443","1340","themes/giftsforher/uploads/27_1674556180_8.png","http://localhost/Ecommarce-dev2/themes/giftsforher/uploads/27_1674556180_8.png","giftsforher","2023-01-24 10:29:40","2023-01-24 10:29:40"
"5444","1340","themes/giftsforher/uploads/65_1674556180_9.png","http://localhost/Ecommarce-dev2/themes/giftsforher/uploads/65_1674556180_9.png","giftsforher","2023-01-24 10:29:40","2023-01-24 10:29:40"
"5445","1341","themes/giftsforher/uploads/56_1674556234_1.png","http://localhost/Ecommarce-dev2/themes/giftsforher/uploads/56_1674556234_1.png","giftsforher","2023-01-24 10:30:34","2023-01-24 10:30:34"
"5446","1341","themes/giftsforher/uploads/52_1674556234_2.png","http://localhost/Ecommarce-dev2/themes/giftsforher/uploads/52_1674556234_2.png","giftsforher","2023-01-24 10:30:34","2023-01-24 10:30:34"
"5447","1341","themes/giftsforher/uploads/73_1674556234_3.png","http://localhost/Ecommarce-dev2/themes/giftsforher/uploads/73_1674556234_3.png","giftsforher","2023-01-24 10:30:34","2023-01-24 10:30:34"
"5448","1342","themes/giftsforher/uploads/40_1674556278_1.png","http://localhost/Ecommarce-dev2/themes/giftsforher/uploads/40_1674556278_1.png","giftsforher","2023-01-24 10:31:18","2023-01-24 10:31:18"
"5449","1342","themes/giftsforher/uploads/41_1674556278_2.png","http://localhost/Ecommarce-dev2/themes/giftsforher/uploads/41_1674556278_2.png","giftsforher","2023-01-24 10:31:18","2023-01-24 10:31:18"
"5450","1342","themes/giftsforher/uploads/50_1674556278_3.png","http://localhost/Ecommarce-dev2/themes/giftsforher/uploads/50_1674556278_3.png","giftsforher","2023-01-24 10:31:18","2023-01-24 10:31:18"
"5451","1343","themes/giftsforher/uploads/80_1674556357_1.png","http://localhost/Ecommarce-dev2/themes/giftsforher/uploads/80_1674556357_1.png","giftsforher","2023-01-24 10:32:37","2023-01-24 10:32:37"
"5452","1343","themes/giftsforher/uploads/84_1674556357_2.png","http://localhost/Ecommarce-dev2/themes/giftsforher/uploads/84_1674556357_2.png","giftsforher","2023-01-24 10:32:37","2023-01-24 10:32:37"
"5453","1343","themes/giftsforher/uploads/96_1674556358_3.png","http://localhost/Ecommarce-dev2/themes/giftsforher/uploads/96_1674556358_3.png","giftsforher","2023-01-24 10:32:38","2023-01-24 10:32:38"
"5454","1344","themes/giftsforher/uploads/50_1674556402_1.png","http://localhost/Ecommarce-dev2/themes/giftsforher/uploads/50_1674556402_1.png","giftsforher","2023-01-24 10:33:22","2023-01-24 10:33:22"
"5455","1344","themes/giftsforher/uploads/72_1674556402_2.png","http://localhost/Ecommarce-dev2/themes/giftsforher/uploads/72_1674556402_2.png","giftsforher","2023-01-24 10:33:22","2023-01-24 10:33:22"
"5456","1344","themes/giftsforher/uploads/27_1674556402_3.png","http://localhost/Ecommarce-dev2/themes/giftsforher/uploads/27_1674556402_3.png","giftsforher","2023-01-24 10:33:22","2023-01-24 10:33:22"
"5457","1345","themes/giftsforher/uploads/12_1674556447_1.png","http://localhost/Ecommarce-dev2/themes/giftsforher/uploads/12_1674556447_1.png","giftsforher","2023-01-24 10:34:07","2023-01-24 10:34:07"
"5458","1345","themes/giftsforher/uploads/20_1674556447_2.png","http://localhost/Ecommarce-dev2/themes/giftsforher/uploads/20_1674556447_2.png","giftsforher","2023-01-24 10:34:07","2023-01-24 10:34:07"
"5459","1345","themes/giftsforher/uploads/52_1674556447_3.png","http://localhost/Ecommarce-dev2/themes/giftsforher/uploads/52_1674556447_3.png","giftsforher","2023-01-24 10:34:07","2023-01-24 10:34:07"
"5460","1346","themes/giftsforher/uploads/80_1674556522_1.png","http://localhost/Ecommarce-dev2/themes/giftsforher/uploads/80_1674556522_1.png","giftsforher","2023-01-24 10:35:22","2023-01-24 10:35:22"
"5461","1346","themes/giftsforher/uploads/78_1674556522_2.png","http://localhost/Ecommarce-dev2/themes/giftsforher/uploads/78_1674556522_2.png","giftsforher","2023-01-24 10:35:22","2023-01-24 10:35:22"
"5462","1347","themes/giftsforher/uploads/40_1674556566_1.png","http://localhost/Ecommarce-dev2/themes/giftsforher/uploads/40_1674556566_1.png","giftsforher","2023-01-24 10:36:06","2023-01-24 10:36:06"
"5463","1347","themes/giftsforher/uploads/22_1674556566_2.png","http://localhost/Ecommarce-dev2/themes/giftsforher/uploads/22_1674556566_2.png","giftsforher","2023-01-24 10:36:06","2023-01-24 10:36:06"
"5464","1347","themes/giftsforher/uploads/30_1674556566_3.png","http://localhost/Ecommarce-dev2/themes/giftsforher/uploads/30_1674556566_3.png","giftsforher","2023-01-24 10:36:06","2023-01-24 10:36:06"
"5465","1348","themes/giftsforher/uploads/71_1674556625_1.png","http://localhost/Ecommarce-dev2/themes/giftsforher/uploads/71_1674556625_1.png","giftsforher","2023-01-24 10:37:05","2023-01-24 10:37:05"
"5466","1348","themes/giftsforher/uploads/41_1674556625_2.png","http://localhost/Ecommarce-dev2/themes/giftsforher/uploads/41_1674556625_2.png","giftsforher","2023-01-24 10:37:05","2023-01-24 10:37:05"
"5467","1348","themes/giftsforher/uploads/62_1674556625_3.png","http://localhost/Ecommarce-dev2/themes/giftsforher/uploads/62_1674556625_3.png","giftsforher","2023-01-24 10:37:05","2023-01-24 10:37:05"
"5468","1349","themes/giftsforher/uploads/41_1674556682_1.png","http://localhost/Ecommarce-dev2/themes/giftsforher/uploads/41_1674556682_1.png","giftsforher","2023-01-24 10:38:02","2023-01-24 10:38:02"
"5469","1349","themes/giftsforher/uploads/83_1674556683_2.png","http://localhost/Ecommarce-dev2/themes/giftsforher/uploads/83_1674556683_2.png","giftsforher","2023-01-24 10:38:03","2023-01-24 10:38:03"
"5470","1350","themes/giftsforher/uploads/50_1674556737_1.png","http://localhost/Ecommarce-dev2/themes/giftsforher/uploads/50_1674556737_1.png","giftsforher","2023-01-24 10:38:57","2023-01-24 10:38:57"
"5471","1350","themes/giftsforher/uploads/56_1674556737_2.png","http://localhost/Ecommarce-dev2/themes/giftsforher/uploads/56_1674556737_2.png","giftsforher","2023-01-24 10:38:57","2023-01-24 10:38:57"
"5472","1350","themes/giftsforher/uploads/99_1674556738_3.png","http://localhost/Ecommarce-dev2/themes/giftsforher/uploads/99_1674556738_3.png","giftsforher","2023-01-24 10:38:58","2023-01-24 10:38:58"
"5473","1351","themes/giftsforher/uploads/32_1674556784_1.png","http://localhost/Ecommarce-dev2/themes/giftsforher/uploads/32_1674556784_1.png","giftsforher","2023-01-24 10:39:44","2023-01-24 10:39:44"
"5474","1351","themes/giftsforher/uploads/77_1674556786_2.png","http://localhost/Ecommarce-dev2/themes/giftsforher/uploads/77_1674556786_2.png","giftsforher","2023-01-24 10:39:46","2023-01-24 10:39:46"
"5475","1351","themes/giftsforher/uploads/44_1674556786_3.png","http://localhost/Ecommarce-dev2/themes/giftsforher/uploads/44_1674556786_3.png","giftsforher","2023-01-24 10:39:46","2023-01-24 10:39:46"
"5476","1351","themes/giftsforher/uploads/90_1674556786_4.png","http://localhost/Ecommarce-dev2/themes/giftsforher/uploads/90_1674556786_4.png","giftsforher","2023-01-24 10:39:46","2023-01-24 10:39:46"
"5477","1352","themes/giftsforher/uploads/82_1674556821_1.png","http://localhost/Ecommarce-dev2/themes/giftsforher/uploads/82_1674556821_1.png","giftsforher","2023-01-24 10:40:21","2023-01-24 10:40:21"
"5478","1352","themes/giftsforher/uploads/52_1674556821_2.png","http://localhost/Ecommarce-dev2/themes/giftsforher/uploads/52_1674556821_2.png","giftsforher","2023-01-24 10:40:21","2023-01-24 10:40:21"
"5479","1352","themes/giftsforher/uploads/40_1674556821_3.png","http://localhost/Ecommarce-dev2/themes/giftsforher/uploads/40_1674556821_3.png","giftsforher","2023-01-24 10:40:21","2023-01-24 10:40:21"
"5480","1352","themes/giftsforher/uploads/35_1674556821_4.png","http://localhost/Ecommarce-dev2/themes/giftsforher/uploads/35_1674556821_4.png","giftsforher","2023-01-24 10:40:21","2023-01-24 10:40:21"
"5481","1353","themes/giftsforher/uploads/38_1674556862_1.png","http://localhost/Ecommarce-dev2/themes/giftsforher/uploads/38_1674556862_1.png","giftsforher","2023-01-24 10:41:02","2023-01-24 10:41:02"
"5482","1353","themes/giftsforher/uploads/25_1674556862_2.png","http://localhost/Ecommarce-dev2/themes/giftsforher/uploads/25_1674556862_2.png","giftsforher","2023-01-24 10:41:02","2023-01-24 10:41:02"
"5483","1353","themes/giftsforher/uploads/80_1674556862_3.png","http://localhost/Ecommarce-dev2/themes/giftsforher/uploads/80_1674556862_3.png","giftsforher","2023-01-24 10:41:02","2023-01-24 10:41:02"
"5484","1353","themes/giftsforher/uploads/43_1674556862_4.png","http://localhost/Ecommarce-dev2/themes/giftsforher/uploads/43_1674556862_4.png","giftsforher","2023-01-24 10:41:02","2023-01-24 10:41:02"
"5485","1354","themes/giftsforher/uploads/23_1674556904_1.png","http://localhost/Ecommarce-dev2/themes/giftsforher/uploads/23_1674556904_1.png","giftsforher","2023-01-24 10:41:44","2023-01-24 10:41:44"
"5486","1354","themes/giftsforher/uploads/90_1674556904_2.png","http://localhost/Ecommarce-dev2/themes/giftsforher/uploads/90_1674556904_2.png","giftsforher","2023-01-24 10:41:44","2023-01-24 10:41:44"
"5487","1354","themes/giftsforher/uploads/45_1674556904_3.png","http://localhost/Ecommarce-dev2/themes/giftsforher/uploads/45_1674556904_3.png","giftsforher","2023-01-24 10:41:44","2023-01-24 10:41:44"
"5488","1354","themes/giftsforher/uploads/47_1674556904_4.png","http://localhost/Ecommarce-dev2/themes/giftsforher/uploads/47_1674556904_4.png","giftsforher","2023-01-24 10:41:44","2023-01-24 10:41:44"
"5489","1355","themes/giftsforher/uploads/55_1674556937_1.png","http://localhost/Ecommarce-dev2/themes/giftsforher/uploads/55_1674556937_1.png","giftsforher","2023-01-24 10:42:17","2023-01-24 10:42:17"
"5490","1355","themes/giftsforher/uploads/17_1674556937_2.png","http://localhost/Ecommarce-dev2/themes/giftsforher/uploads/17_1674556937_2.png","giftsforher","2023-01-24 10:42:17","2023-01-24 10:42:17"
"5491","1355","themes/giftsforher/uploads/62_1674556937_3.png","http://localhost/Ecommarce-dev2/themes/giftsforher/uploads/62_1674556937_3.png","giftsforher","2023-01-24 10:42:17","2023-01-24 10:42:17"
"5492","1355","themes/giftsforher/uploads/68_1674556937_4.png","http://localhost/Ecommarce-dev2/themes/giftsforher/uploads/68_1674556937_4.png","giftsforher","2023-01-24 10:42:17","2023-01-24 10:42:17"
"5493","1356","themes/giftsforher/uploads/39_1674556970_1.png","http://localhost/Ecommarce-dev2/themes/giftsforher/uploads/39_1674556970_1.png","giftsforher","2023-01-24 10:42:50","2023-01-24 10:42:50"
"5494","1356","themes/giftsforher/uploads/58_1674556970_2.png","http://localhost/Ecommarce-dev2/themes/giftsforher/uploads/58_1674556970_2.png","giftsforher","2023-01-24 10:42:50","2023-01-24 10:42:50"
"5495","1356","themes/giftsforher/uploads/71_1674556971_3.png","http://localhost/Ecommarce-dev2/themes/giftsforher/uploads/71_1674556971_3.png","giftsforher","2023-01-24 10:42:51","2023-01-24 10:42:51"
"5496","1356","themes/giftsforher/uploads/78_1674556971_4.png","http://localhost/Ecommarce-dev2/themes/giftsforher/uploads/78_1674556971_4.png","giftsforher","2023-01-24 10:42:51","2023-01-24 10:42:51"
"5497","1357","themes/giftsforher/uploads/61_1674557036_1.png","http://localhost/Ecommarce-dev2/themes/giftsforher/uploads/61_1674557036_1.png","giftsforher","2023-01-24 10:43:56","2023-01-24 10:43:56"
"5498","1357","themes/giftsforher/uploads/74_1674557036_2.png","http://localhost/Ecommarce-dev2/themes/giftsforher/uploads/74_1674557036_2.png","giftsforher","2023-01-24 10:43:56","2023-01-24 10:43:56"
"5499","1357","themes/giftsforher/uploads/13_1674557036_3.png","http://localhost/Ecommarce-dev2/themes/giftsforher/uploads/13_1674557036_3.png","giftsforher","2023-01-24 10:43:57","2023-01-24 10:43:57"
"5500","1357","themes/giftsforher/uploads/86_1674557037_4.png","http://localhost/Ecommarce-dev2/themes/giftsforher/uploads/86_1674557037_4.png","giftsforher","2023-01-24 10:43:57","2023-01-24 10:43:57"
"5501","1358","themes/giftsforher/uploads/31_1674557083_1.png","http://localhost/Ecommarce-dev2/themes/giftsforher/uploads/31_1674557083_1.png","giftsforher","2023-01-24 10:44:43","2023-01-24 10:44:43"
"5502","1358","themes/giftsforher/uploads/37_1674557083_2.png","http://localhost/Ecommarce-dev2/themes/giftsforher/uploads/37_1674557083_2.png","giftsforher","2023-01-24 10:44:43","2023-01-24 10:44:43"
"5503","1358","themes/giftsforher/uploads/49_1674557083_3.png","http://localhost/Ecommarce-dev2/themes/giftsforher/uploads/49_1674557083_3.png","giftsforher","2023-01-24 10:44:43","2023-01-24 10:44:43"
"5504","1358","themes/giftsforher/uploads/11_1674557083_4.png","http://localhost/Ecommarce-dev2/themes/giftsforher/uploads/11_1674557083_4.png","giftsforher","2023-01-24 10:44:43","2023-01-24 10:44:43"
"5505","1359","themes/giftsforher/uploads/68_1674557130_1.png","http://localhost/Ecommarce-dev2/themes/giftsforher/uploads/68_1674557130_1.png","giftsforher","2023-01-24 10:45:30","2023-01-24 10:45:30"
"5506","1359","themes/giftsforher/uploads/42_1674557130_2.png","http://localhost/Ecommarce-dev2/themes/giftsforher/uploads/42_1674557130_2.png","giftsforher","2023-01-24 10:45:30","2023-01-24 10:45:30"
"5507","1359","themes/giftsforher/uploads/86_1674557130_3.png","http://localhost/Ecommarce-dev2/themes/giftsforher/uploads/86_1674557130_3.png","giftsforher","2023-01-24 10:45:30","2023-01-24 10:45:30"
"5508","1359","themes/giftsforher/uploads/41_1674557130_4.png","http://localhost/Ecommarce-dev2/themes/giftsforher/uploads/41_1674557130_4.png","giftsforher","2023-01-24 10:45:30","2023-01-24 10:45:30"
"5509","1360","themes/giftsforher/uploads/97_1674557201_1.png","http://localhost/Ecommarce-dev2/themes/giftsforher/uploads/97_1674557201_1.png","giftsforher","2023-01-24 10:46:41","2023-01-24 10:46:41"
"5510","1360","themes/giftsforher/uploads/89_1674557202_2.png","http://localhost/Ecommarce-dev2/themes/giftsforher/uploads/89_1674557202_2.png","giftsforher","2023-01-24 10:46:42","2023-01-24 10:46:42"
"5511","1360","themes/giftsforher/uploads/44_1674557202_3.png","http://localhost/Ecommarce-dev2/themes/giftsforher/uploads/44_1674557202_3.png","giftsforher","2023-01-24 10:46:42","2023-01-24 10:46:42"
"5512","1360","themes/giftsforher/uploads/88_1674557202_Cover.png","http://localhost/Ecommarce-dev2/themes/giftsforher/uploads/88_1674557202_Cover.png","giftsforher","2023-01-24 10:46:42","2023-01-24 10:46:42"
"5513","1361","themes/giftsforher/uploads/22_1674557239_1.png","http://localhost/Ecommarce-dev2/themes/giftsforher/uploads/22_1674557239_1.png","giftsforher","2023-01-24 10:47:19","2023-01-24 10:47:19"
"5514","1361","themes/giftsforher/uploads/48_1674557239_2.png","http://localhost/Ecommarce-dev2/themes/giftsforher/uploads/48_1674557239_2.png","giftsforher","2023-01-24 10:47:19","2023-01-24 10:47:19"
"5515","1361","themes/giftsforher/uploads/72_1674557239_3.png","http://localhost/Ecommarce-dev2/themes/giftsforher/uploads/72_1674557239_3.png","giftsforher","2023-01-24 10:47:19","2023-01-24 10:47:19"
"5516","1361","themes/giftsforher/uploads/67_1674557239_Cover.png","http://localhost/Ecommarce-dev2/themes/giftsforher/uploads/67_1674557239_Cover.png","giftsforher","2023-01-24 10:47:19","2023-01-24 10:47:19"
"5517","1362","themes/giftsforher/uploads/12_1674557310_1.png","http://localhost/Ecommarce-dev2/themes/giftsforher/uploads/12_1674557310_1.png","giftsforher","2023-01-24 10:48:30","2023-01-24 10:48:30"
"5518","1362","themes/giftsforher/uploads/95_1674557310_2.png","http://localhost/Ecommarce-dev2/themes/giftsforher/uploads/95_1674557310_2.png","giftsforher","2023-01-24 10:48:30","2023-01-24 10:48:30"
"5519","1362","themes/giftsforher/uploads/44_1674557310_3.png","http://localhost/Ecommarce-dev2/themes/giftsforher/uploads/44_1674557310_3.png","giftsforher","2023-01-24 10:48:30","2023-01-24 10:48:30"
"5520","1362","themes/giftsforher/uploads/53_1674557310_Cover.png","http://localhost/Ecommarce-dev2/themes/giftsforher/uploads/53_1674557310_Cover.png","giftsforher","2023-01-24 10:48:30","2023-01-24 10:48:30"
"5521","1363","themes/giftsforher/uploads/70_1674557353_1.png","http://localhost/Ecommarce-dev2/themes/giftsforher/uploads/70_1674557353_1.png","giftsforher","2023-01-24 10:49:13","2023-01-24 10:49:13"
"5522","1363","themes/giftsforher/uploads/75_1674557353_2.png","http://localhost/Ecommarce-dev2/themes/giftsforher/uploads/75_1674557353_2.png","giftsforher","2023-01-24 10:49:13","2023-01-24 10:49:13"
"5523","1363","themes/giftsforher/uploads/71_1674557354_3.png","http://localhost/Ecommarce-dev2/themes/giftsforher/uploads/71_1674557354_3.png","giftsforher","2023-01-24 10:49:14","2023-01-24 10:49:14"
"5524","1363","themes/giftsforher/uploads/24_1674557354_cover.png","http://localhost/Ecommarce-dev2/themes/giftsforher/uploads/24_1674557354_cover.png","giftsforher","2023-01-24 10:49:14","2023-01-24 10:49:14"
"5525","1364","themes/giftsforher/uploads/88_1674557426_cover.png","http://localhost/Ecommarce-dev2/themes/giftsforher/uploads/88_1674557426_cover.png","giftsforher","2023-01-24 10:50:26","2023-01-24 10:50:26"
"5526","1364","themes/giftsforher/uploads/54_1674557426_3.png","http://localhost/Ecommarce-dev2/themes/giftsforher/uploads/54_1674557426_3.png","giftsforher","2023-01-24 10:50:26","2023-01-24 10:50:26"
"5527","1364","themes/giftsforher/uploads/26_1674557426_2.png","http://localhost/Ecommarce-dev2/themes/giftsforher/uploads/26_1674557426_2.png","giftsforher","2023-01-24 10:50:26","2023-01-24 10:50:26"
"5528","1364","themes/giftsforher/uploads/66_1674557426_1.png","http://localhost/Ecommarce-dev2/themes/giftsforher/uploads/66_1674557426_1.png","giftsforher","2023-01-24 10:50:26","2023-01-24 10:50:26"
"5529","1365","themes/giftsforher/uploads/83_1674557538_3.png","http://localhost/Ecommarce-dev2/themes/giftsforher/uploads/83_1674557538_3.png","giftsforher","2023-01-24 10:52:18","2023-01-24 10:52:18"
"5530","1365","themes/giftsforher/uploads/16_1674557538_2.png","http://localhost/Ecommarce-dev2/themes/giftsforher/uploads/16_1674557538_2.png","giftsforher","2023-01-24 10:52:18","2023-01-24 10:52:18"
"5531","1365","themes/giftsforher/uploads/21_1674557538_1.png","http://localhost/Ecommarce-dev2/themes/giftsforher/uploads/21_1674557538_1.png","giftsforher","2023-01-24 10:52:18","2023-01-24 10:52:18"
"5532","1366","themes/giftsforher/uploads/83_1674557597_4.png","http://localhost/Ecommarce-dev2/themes/giftsforher/uploads/83_1674557597_4.png","giftsforher","2023-01-24 10:53:17","2023-01-24 10:53:17"
"5533","1366","themes/giftsforher/uploads/33_1674557597_3.png","http://localhost/Ecommarce-dev2/themes/giftsforher/uploads/33_1674557597_3.png","giftsforher","2023-01-24 10:53:17","2023-01-24 10:53:17"
"5534","1366","themes/giftsforher/uploads/38_1674557597_2.png","http://localhost/Ecommarce-dev2/themes/giftsforher/uploads/38_1674557597_2.png","giftsforher","2023-01-24 10:53:17","2023-01-24 10:53:17"
"5535","1366","themes/giftsforher/uploads/73_1674557597_1.png","http://localhost/Ecommarce-dev2/themes/giftsforher/uploads/73_1674557597_1.png","giftsforher","2023-01-24 10:53:17","2023-01-24 10:53:17"
"5536","1367","themes/giftsforher/uploads/38_1674557649_3.png","http://localhost/Ecommarce-dev2/themes/giftsforher/uploads/38_1674557649_3.png","giftsforher","2023-01-24 10:54:09","2023-01-24 10:54:09"
"5537","1367","themes/giftsforher/uploads/91_1674557649_2.png","http://localhost/Ecommarce-dev2/themes/giftsforher/uploads/91_1674557649_2.png","giftsforher","2023-01-24 10:54:09","2023-01-24 10:54:09"
"5538","1367","themes/giftsforher/uploads/87_1674557649_1.png","http://localhost/Ecommarce-dev2/themes/giftsforher/uploads/87_1674557649_1.png","giftsforher","2023-01-24 10:54:09","2023-01-24 10:54:09"
"5539","1368","themes/giftsforher/uploads/28_1674557693_2.png","http://localhost/Ecommarce-dev2/themes/giftsforher/uploads/28_1674557693_2.png","giftsforher","2023-01-24 10:54:53","2023-01-24 10:54:53"
"5540","1368","themes/giftsforher/uploads/32_1674557693_1.png","http://localhost/Ecommarce-dev2/themes/giftsforher/uploads/32_1674557693_1.png","giftsforher","2023-01-24 10:54:53","2023-01-24 10:54:53"
"5541","1369","themes/giftsforher/uploads/13_1674557774_3.png","http://localhost/Ecommarce-dev2/themes/giftsforher/uploads/13_1674557774_3.png","giftsforher","2023-01-24 10:56:14","2023-01-24 10:56:14"
"5542","1369","themes/giftsforher/uploads/60_1674557774_2.png","http://localhost/Ecommarce-dev2/themes/giftsforher/uploads/60_1674557774_2.png","giftsforher","2023-01-24 10:56:14","2023-01-24 10:56:14"
"5543","1369","themes/giftsforher/uploads/22_1674557774_1.png","http://localhost/Ecommarce-dev2/themes/giftsforher/uploads/22_1674557774_1.png","giftsforher","2023-01-24 10:56:14","2023-01-24 10:56:14"
