"1","Contactus","contactus","<p>Lorem Ipsum is simply dummy text of the printing and typesetting industry.  Lorem Ipsum has been the industry's standard dummy text ever since the 1500s, when an unknown.</p>","NULL","{""call"":null,""email"":""shop@company.com"",""address"":""1093 Marigold Lane,\r\nCoral Way, Miami,\r\nFlorida, 33169""}","1","fixed_page","steps","2023-01-20 04:49:41","2023-01-20 04:49:41"
"2","About","about","Lorem Ipsum is simply dummy text of the printing and typesetting industLorem Ipsum has been the industry's standard dummy text ever since the 1500s, when an unknown....","<div class=""container"">
<div class=""section-title"">
<h2 style=""box-sizing: border-box; -webkit-tap-highlight-color: transparent; text-decoration: inherit; vertical-align: baseline; margin: 0px; padding: 0px; font: var(--h2); list-style: none;"">About&nbsp;<strong style=""box-sizing: border-box; -webkit-tap-highlight-color: transparent; text-decoration: inherit; vertical-align: inherit;"">our shop</strong></h2>
<div class=""container"" style=""box-sizing: border-box; -webkit-tap-highlight-color: transparent; text-decoration-line: inherit; vertical-align: baseline; margin: 0px auto; padding: 0px 15px; font-size: 16px; list-style: none; max-width: 1320px; width: 1290px; color: #173334; font-family: Outfit, sans-serif; font-weight: 400;"">
<div class=""section-title"" style=""box-sizing: border-box; -webkit-tap-highlight-color: transparent; text-decoration: inherit; vertical-align: baseline; margin: 0px 0px 50px; padding: 0px; list-style: none;"">&nbsp;</div>
<div class=""row"" style=""box-sizing: border-box; -webkit-tap-highlight-color: transparent; text-decoration: inherit; vertical-align: baseline; margin: 0px -15px; padding: 0px; list-style: none; display: flex; flex-wrap: wrap;"">
<div class=""col-md-6 col-12"" style=""box-sizing: border-box; -webkit-tap-highlight-color: transparent; text-decoration: inherit; vertical-align: baseline; margin: 0px; padding: 0px 15px; list-style: none; flex: 0 0 auto; width: 645px;"">
<div class=""about-us-content"" style=""box-sizing: border-box; -webkit-tap-highlight-color: transparent; text-decoration: inherit; vertical-align: baseline; margin: 0px; padding: 0px; list-style: none;"">
<p style=""box-sizing: border-box; -webkit-tap-highlight-color: transparent; text-decoration: inherit; vertical-align: baseline; margin: 0px; padding: 0px; font: var(--common-text); list-style: none;"">Lorem Ipsum is simply dummy text of the printing and typesetting industry. Lorem Ipsum has been the industry's standard dummy text ever since the 1500s, when an unknown printer took a galley of type and scrambled it to make a type specimen book. It has survived not only five centuries, but also the leap into electronic typesetting, remaining essentially unchanged. It was popularised in the 1960s with the release of Letraset sheets containing Lorem Ipsum passages, and more recently with desktop publishing software like Aldus PageMaker including versions of Lorem Ipsum.</p>
</div>
</div>
<div class=""col-md-6 col-12"" style=""box-sizing: border-box; -webkit-tap-highlight-color: transparent; text-decoration: inherit; vertical-align: baseline; margin: 0px; padding: 0px 15px; list-style: none; flex: 0 0 auto; width: 645px;"">
<div class=""about-us-content"" style=""box-sizing: border-box; -webkit-tap-highlight-color: transparent; text-decoration: inherit; vertical-align: baseline; margin: 0px; padding: 0px; list-style: none;"">
<p style=""box-sizing: border-box; -webkit-tap-highlight-color: transparent; text-decoration: inherit; vertical-align: baseline; margin: 0px; padding: 0px; font: var(--common-text); list-style: none;"">Lorem Ipsum is simply dummy text of the printing and typesetting industry. Lorem Ipsum has been the industry's standard dummy text ever since the 1500s, when an unknown printer took a galley of type and scrambled it to make a type specimen book. It has survived not only five centuries, but also the leap into electronic typesetting, remaining essentially unchanged. It was popularised in the 1960s with the release of Letraset sheets containing Lorem Ipsum passages, and more recently with desktop publishing software like Aldus PageMaker including versions of Lorem Ipsum.</p>
</div>
</div>
</div>
</div>
<h2 style=""box-sizing: border-box; -webkit-tap-highlight-color: transparent; text-decoration: inherit; vertical-align: baseline; margin: 0px; padding: 0px; font: var(--h2); list-style: none;"">About&nbsp;<strong style=""box-sizing: border-box; -webkit-tap-highlight-color: transparent; text-decoration: inherit; vertical-align: inherit;"">our shop</strong></h2>
<div class=""container"" style=""box-sizing: border-box; -webkit-tap-highlight-color: transparent; text-decoration-line: inherit; vertical-align: baseline; margin: 0px auto; padding: 0px 15px; font-size: 16px; list-style: none; max-width: 1320px; width: 1290px; color: #173334; font-family: Outfit, sans-serif; font-weight: 400;"">
<div class=""section-title text-center"" style=""box-sizing: border-box; -webkit-tap-highlight-color: transparent; text-decoration: inherit; vertical-align: baseline; margin: 0px 0px 50px; padding: 0px; list-style: none; text-align: center !important;"">&nbsp;</div>
</div>
<h3 style=""box-sizing: border-box; -webkit-tap-highlight-color: transparent; text-decoration: inherit; vertical-align: baseline; margin: 0px; padding: 0px; font: var(--h3); list-style: none;"">About&nbsp;<strong style=""box-sizing: border-box; -webkit-tap-highlight-color: transparent; text-decoration: inherit; vertical-align: inherit;"">our shop</strong></h3>
<div class=""container"" style=""box-sizing: border-box; -webkit-tap-highlight-color: transparent; text-decoration-line: inherit; vertical-align: baseline; margin: 0px auto; padding: 0px 15px; font-size: 16px; list-style: none; max-width: 1320px; width: 1290px; color: #173334; font-family: Outfit, sans-serif; font-weight: 400;"">
<div class=""row align-items-center"" style=""box-sizing: border-box; -webkit-tap-highlight-color: transparent; text-decoration: inherit; vertical-align: baseline; margin: 0px -15px; padding: 0px; list-style: none; display: flex; flex-wrap: wrap; align-items: center;"">
<div class=""col-md-6 col-12"" style=""box-sizing: border-box; -webkit-tap-highlight-color: transparent; text-decoration: inherit; vertical-align: baseline; margin: 0px; padding: 0px 15px; list-style: none; flex: 0 0 auto; width: 645px;"">
<div class=""abt-shp-column-left"" style=""box-sizing: border-box; -webkit-tap-highlight-color: transparent; text-decoration: inherit; vertical-align: baseline; margin: 0px; padding: 0px; list-style: none;"">
<div class=""section-title"" style=""box-sizing: border-box; -webkit-tap-highlight-color: transparent; text-decoration: inherit; vertical-align: baseline; margin: 0px 0px 50px; padding: 0px; list-style: none;"">&nbsp;</div>
<p style=""box-sizing: border-box; -webkit-tap-highlight-color: transparent; text-decoration: inherit; vertical-align: baseline; margin: 0px 0px 15px; padding: 0px; font: var(--common-text); list-style: none;"">Lorem Ipsum is simply dummy text of the printing and typesetting industry. Lorem Ipsum has been the industry's standard dummy text ever since the 1500s, when an unknown printer took a galley of type and scrambled it to make a type specimen book. It has survived not only five centuries, but also the leap into electronic typesetting, remaining essentially unchanged. It was popularised in the 1960s with the release of Letraset sheets containing Lorem Ipsum passages, and more recently with desktop publishing software like Aldus PageMaker including versions of Lorem Ipsum.Lorem</p>
<p style=""box-sizing: border-box; -webkit-tap-highlight-color: transparent; text-decoration: inherit; vertical-align: baseline; margin: 0px; padding: 0px; font: var(--common-text); list-style: none;"">Ipsum is simply dummy text of the printing and typesetting industry. Lorem Ipsum has been the industry's standard dummy text ever since the 1500s, when an unknown printer took a galley of type and scrambled it to make a type specimen book. It has survived not only five centuries, but also the leap into electronic typesetting, remaining essentially unchanged. It was popularised in the 1960s with the release of Letraset sheets containing Lorem Ipsum passages.</p>
</div>
</div>
<div class=""col-md-6 col-12"" style=""box-sizing: border-box; -webkit-tap-highlight-color: transparent; text-decoration: inherit; vertical-align: baseline; margin: 0px; padding: 0px 15px; list-style: none; flex: 0 0 auto; width: 645px;"">
<div class=""abt-shp-column-right"" style=""box-sizing: border-box; -webkit-tap-highlight-color: transparent; text-decoration: inherit; vertical-align: baseline; margin: 0px; padding: 0px; list-style: none;"">
<p style=""box-sizing: border-box; -webkit-tap-highlight-color: transparent; text-decoration: inherit; vertical-align: baseline; margin: 0px 0px 15px; padding: 0px; list-style: none;"">Lorem Ipsum is simply dummy text of the printing and typesetting industry. Lorem Ipsum has been the industry's standard dummy text ever since the 1500s, when an unknown printer took a galley of type and scrambled it to make a type specimen book. It has survived not only five centuries, but also the leap into electronic typesetting, remaining essentially unchanged. It was popularised in the 1960s with the release of Letraset sheets containing Lorem Ipsum passages, and more recently with desktop publishing software like Aldus PageMaker including versions of Lorem Ipsum.Lorem</p>
<p style=""box-sizing: border-box; -webkit-tap-highlight-color: transparent; text-decoration: inherit; vertical-align: baseline; margin: 0px; padding: 0px; list-style: none;"">Lorem Ipsum is simply dummy text of the printing and typesetting industry. Lorem Ipsum has been the industry's standard dummy text ever since the 1500s, when an unknown printer took a galley of type and scrambled it to make a type specimen book. It has survived not only five centuries, but also the leap into electronic typesetting, remaining essentially unchanged. It was popularised in the 1960s with the release of Letraset sheets containing Lorem Ipsum passages, and more recently with desktop publishing software like Aldus PageMaker including versions of Lorem Ipsum.Lorem</p>
</div>
</div>
</div>
</div>
<h3 style=""box-sizing: border-box; -webkit-tap-highlight-color: transparent; text-decoration: inherit; vertical-align: baseline; margin: 0px; padding: 0px; font: var(--h3); list-style: none;"">About&nbsp;<strong style=""box-sizing: border-box; -webkit-tap-highlight-color: transparent; text-decoration: inherit; vertical-align: inherit;"">our shop</strong></h3>
<div class=""container"" style=""box-sizing: border-box; -webkit-tap-highlight-color: transparent; text-decoration-line: inherit; vertical-align: baseline; margin: 0px auto; padding: 0px 15px; font-size: 16px; list-style: none; max-width: 1320px; width: 1290px; color: #173334; font-family: Outfit, sans-serif; font-weight: 400;"">
<div class=""row align-items-center row-reverse"" style=""box-sizing: border-box; -webkit-tap-highlight-color: transparent; text-decoration: inherit; vertical-align: baseline; margin: 0px -15px; padding: 0px; list-style: none; display: flex; flex-flow: row-reverse wrap; align-items: center;"">
<div class=""col-md-6 col-12"" style=""box-sizing: border-box; -webkit-tap-highlight-color: transparent; text-decoration: inherit; vertical-align: baseline; margin: 0px; padding: 0px 15px; list-style: none; flex: 0 0 auto; width: 645px;"">
<div class=""abt-shp-column-left"" style=""box-sizing: border-box; -webkit-tap-highlight-color: transparent; text-decoration: inherit; vertical-align: baseline; margin: 0px; padding: 0px; list-style: none;"">
<div class=""section-title"" style=""box-sizing: border-box; -webkit-tap-highlight-color: transparent; text-decoration: inherit; vertical-align: baseline; margin: 0px 0px 50px; padding: 0px; list-style: none;"">
<p style=""box-sizing: border-box; -webkit-tap-highlight-color: transparent; text-decoration: inherit; vertical-align: baseline; margin: 0px; padding: 0px; font: var(--common-text); list-style: none;"">&nbsp;</p>
</div>
<p style=""box-sizing: border-box; -webkit-tap-highlight-color: transparent; text-decoration: inherit; vertical-align: baseline; margin: 0px 0px 15px; padding: 0px; font: var(--common-text); list-style: none;"">Lorem Ipsum is simply dummy text of the printing and typesetting industry. Lorem Ipsum has been the industry's standard dummy text ever since the 1500s, when an unknown printer took a galley of type and scrambled it to make a type specimen book. It has survived not only five centuries, but also the leap into electronic typesetting, remaining essentially unchanged. It was popularised in the 1960s with the release of Letraset sheets containing Lorem Ipsum passages, and more recently with desktop publishing software like Aldus PageMaker including versions of Lorem Ipsum.Lorem</p>
<p style=""box-sizing: border-box; -webkit-tap-highlight-color: transparent; text-decoration: inherit; vertical-align: baseline; margin: 0px; padding: 0px; font: var(--common-text); list-style: none;"">Ipsum is simply dummy text of the printing and typesetting industry. Lorem Ipsum has been the industry's standard dummy text ever since the 1500s, when an unknown printer took a galley of type and scrambled it to make a type specimen book. It has survived not only five centuries, but also the leap into electronic typesetting, remaining essentially unchanged. It was popularised in the 1960s with the release of Letraset sheets containing Lorem Ipsum passages.</p>
</div>
</div>
<div class=""col-md-6 col-12"" style=""box-sizing: border-box; -webkit-tap-highlight-color: transparent; text-decoration: inherit; vertical-align: baseline; margin: 0px; padding: 0px 15px; list-style: none; flex: 0 0 auto; width: 645px;"">
<div class=""abt-shp-column-right"" style=""box-sizing: border-box; -webkit-tap-highlight-color: transparent; text-decoration: inherit; vertical-align: baseline; margin: 0px; padding: 0px; list-style: none;""><span style=""box-sizing: border-box; -webkit-tap-highlight-color: transparent; text-decoration: inherit; vertical-align: baseline; margin: 0px; padding: 0px; list-style: none;"">Lorem Ipsum is simply dummy text of the printing and typesetting industry. Lorem Ipsum has been the industry's standard dummy text ever since the 1500s, when an unknown printer took a galley of type and scrambled it to make a type specimen book. It has survived not only five centuries, but also the leap into electronic typesetting, remaining essentially unchanged. It was popularised in the 1960s with the release of Letraset sheets containing Lorem Ipsum passages, and more recently with desktop publishing software like Aldus PageMaker including versions of Lorem Ipsum.Lorem</span></div>
</div>
</div>
</div>
</div>
</div>"," ","1","fixed_page","steps","2023-01-20 04:49:41","2023-01-20 04:49:41"
"3","Privacy Policy","privacy-policy","Lorem Ipsum is simply dummy text of the printing and typesetting industry. Lorem Ipsum has been the industry's standard dummy text ever since the 1500s, when an unknown....","<h2 style=""box-sizing: border-box; -webkit-tap-highlight-color: transparent; text-decoration-line: inherit; vertical-align: baseline; margin: 0px; padding: 0px; list-style: none; color: #183a40;""><strong style=""box-sizing: border-box; -webkit-tap-highlight-color: transparent; text-decoration: inherit; vertical-align: inherit;"">Policy</strong>&nbsp;Privacy</h2>
<p style=""box-sizing: border-box; -webkit-tap-highlight-color: transparent; text-decoration-line: inherit; vertical-align: baseline; margin: 0px 0px 25px; padding: 0px; font-size: 14px; list-style: none; color: #183a40;""><strong style=""box-sizing: border-box; -webkit-tap-highlight-color: transparent; text-decoration: inherit; vertical-align: inherit;"">Lorem Ipsum is simply dummy text of the printing and typesetting industry. Lorem Ipsum has been the industry's standard dummy text ever since the 1500s, when an unknown printer took a galley of type and scrambled it to make a type specimen book. It has survived not only five centuries, but also the leap into electronic typesetting, remaining essentially unchanged. It was popularised in the 1960s with the release of Letraset sheets containing Lorem Ipsum passages, and more recently with desktop publishing software like Aldus PageMaker including versions of Lorem Ipsum.Lorem Ipsum is simply dummy text of the printing and typesetting industry. Lorem Ipsum has been the industry's standard dummy text ever since the 1500s, when an unknown printer took a galley of type and scrambled it to make a type specimen book. It has survived not only five centuries, but also the leap into electronic typesetting, remaining essentially unchanged. It was popularised in the 1960s with the release of Letraset sheets containing Lorem Ipsum passages, and more recently with desktop publishing software like Aldus PageMaker including versions of Lorem Ipsum.Lorem Ipsum is simply dummy text of the printing and typesetting industry. Lorem Ipsum has been the industry's standard dummy text ever since the 1500s, when an unknown printer took a galley of type and scrambled it to make a type specimen book. It has survived not only five centuries, but also the leap into electronic typesetting, remaining essentially unchanged. It was popularised in the 1960s with the release of Letraset sheets containing Lorem Ipsum passages, and more recently with desktop publishing software like Aldus PageMaker including versions of Lorem Ipsum.</strong></p>
<p style=""box-sizing: border-box; -webkit-tap-highlight-color: transparent; text-decoration-line: inherit; vertical-align: baseline; margin: 0px 0px 25px; padding: 0px; font-size: 14px; list-style: none; color: #183a40;"">Lorem Ipsum is simply dummy text of the printing and typesetting industry. Lorem Ipsum has been the industry's standard dummy text ever since the 1500s, when an unknown printer took a galley of type and scrambled it to make a type specimen book. It has survived not only five centuries, but also the leap into electronic typesetting, remaining essentially unchanged. It was popularised in the 1960s with the release of Letraset sheets containing Lorem Ipsum passages, and more recently with desktop publishing software like Aldus PageMaker including versions of Lorem Ipsum.Lorem Ipsum is simply dummy text of the printing and typesetting industry. Lorem Ipsum has been the industry's standard dummy text ever since the 1500s, when an unknown printer took a galley of type and scrambled it to make a type specimen book. It has survived not only five centuries, but also the leap into electronic typesetting, remaining essentially unchanged. It was popularised in the 1960s with the release of Letraset sheets containing Lorem Ipsum passages, and more recently with desktop publishing software like Aldus PageMaker including versions of Lorem Ipsum.Lorem Ipsum is simply dummy text of the printing and typesetting industry. Lorem Ipsum has been the industry's standard dummy text ever since the 1500s, when an unknown printer took a galley of type and scrambled it to make a type specimen book. It has survived not only five centuries, but also the leap into electronic typesetting, remaining essentially unchanged. It was popularised in the 1960s with the release of Letraset sheets containing Lorem Ipsum passages, and more recently with desktop publishing software like Aldus PageMaker including versions of Lorem Ipsum.</p>
<h3 style=""box-sizing: border-box; -webkit-tap-highlight-color: transparent; text-decoration-line: inherit; vertical-align: baseline; margin: 20px 0px; padding: 0px; list-style: none; color: #183a40;""><strong style=""box-sizing: border-box; -webkit-tap-highlight-color: transparent; text-decoration: inherit; vertical-align: inherit;"">Policy</strong>&nbsp;Privacy</h3>
<p style=""box-sizing: border-box; -webkit-tap-highlight-color: transparent; text-decoration-line: inherit; vertical-align: baseline; margin: 0px 0px 25px; padding: 0px; font-size: 14px; list-style: none; color: #183a40;"">Lorem Ipsum is simply dummy text of the&nbsp;<a style=""box-sizing: border-box; -webkit-tap-highlight-color: transparent; vertical-align: baseline; cursor: pointer; outline: none; box-shadow: none; transition: all 0.3s ease-in-out 0s; display: inline-block; font-family: var(--first-font); margin: 0px; padding: 0px; list-style: none; font-weight: 600;"" href=""page/privacy-policy"">printing and typesetting industry</a>&nbsp;&nbsp;Lorem Ipsum has been the industry's standard dummy text ever since the 1500s, when an unknown.</p>
<h4 style=""box-sizing: border-box; -webkit-tap-highlight-color: transparent; text-decoration-line: inherit; vertical-align: baseline; margin: 20px 0px; padding: 0px; list-style: none; color: #183a40;""><strong style=""box-sizing: border-box; -webkit-tap-highlight-color: transparent; text-decoration: inherit; vertical-align: inherit;"">Policy</strong>&nbsp;Privacy</h4>
<ul style=""box-sizing: border-box; -webkit-tap-highlight-color: transparent; text-decoration-line: inherit; vertical-align: baseline; margin: 20px; padding: 0px; font-size: 14px; list-style: none; color: #183a40;"">
<li style=""box-sizing: border-box; -webkit-tap-highlight-color: transparent; text-decoration: inherit; vertical-align: baseline; margin: 0px; padding: 0px; font: var(--common-text); list-style: disc;"">Lorem Ipsum is simply dummy text</li>
</ul>
<ul style=""box-sizing: border-box; -webkit-tap-highlight-color: transparent; text-decoration-line: inherit; vertical-align: baseline; margin: 20px; padding: 0px; font-size: 14px; list-style: none; color: #183a40;"">
<li style=""box-sizing: border-box; -webkit-tap-highlight-color: transparent; text-decoration: inherit; vertical-align: baseline; margin: 0px; padding: 0px; font: var(--common-text); list-style: disc;"">Lorem Ipsum is simply dummy text</li>
</ul>
<ul style=""box-sizing: border-box; -webkit-tap-highlight-color: transparent; text-decoration-line: inherit; vertical-align: baseline; margin: 20px; padding: 0px; font-size: 14px; list-style: none; color: #183a40;"">
<li style=""box-sizing: border-box; -webkit-tap-highlight-color: transparent; text-decoration: inherit; vertical-align: baseline; margin: 0px; padding: 0px; font: var(--common-text); list-style: disc;"">Lorem Ipsum is simply dummy text</li>
</ul>
<ul style=""box-sizing: border-box; -webkit-tap-highlight-color: transparent; text-decoration-line: inherit; vertical-align: baseline; margin: 20px; padding: 0px; font-size: 14px; list-style: none; color: #183a40;"">
<li style=""box-sizing: border-box; -webkit-tap-highlight-color: transparent; text-decoration: inherit; vertical-align: baseline; margin: 0px; padding: 0px; font: var(--common-text); list-style: disc;"">Lorem Ipsum is simply dummy text</li>
</ul>
<ul style=""box-sizing: border-box; -webkit-tap-highlight-color: transparent; text-decoration-line: inherit; vertical-align: baseline; margin: 20px; padding: 0px; font-size: 14px; list-style: none; color: #183a40;"">
<li style=""box-sizing: border-box; -webkit-tap-highlight-color: transparent; text-decoration: inherit; vertical-align: baseline; margin: 0px; padding: 0px; font: var(--common-text); list-style: disc;"">Lorem Ipsum is simply dummy text</li>
</ul>
<ul style=""box-sizing: border-box; -webkit-tap-highlight-color: transparent; text-decoration-line: inherit; vertical-align: baseline; margin: 20px; padding: 0px; font-size: 14px; list-style: none; color: #183a40;"">
<li style=""box-sizing: border-box; -webkit-tap-highlight-color: transparent; text-decoration: inherit; vertical-align: baseline; margin: 0px; padding: 0px; font: var(--common-text); list-style: disc;"">Lorem Ipsum is simply dummy text</li>
<li>&nbsp;</li>
</ul>","NULL","1","fixed_page","steps","2023-01-20 04:49:41","2023-01-20 04:49:41"
"4","Terms and conditions","terms-and-conditions","Terms & Conditions","<p style=""box-sizing: border-box; -webkit-tap-highlight-color: transparent; text-decoration-line: inherit; vertical-align: baseline; margin: 0px 0px 15px; padding: 0px; font-size: 14px; list-style: none; font-family: Poppins, sans-serif;"">Lorem Ipsum is simply dummy text of the printing and typesetting industry. Lorem Ipsum has been the industry's standard dummy text ever since the 1500s, when an unknown printer took a galley of type and scrambled it to make a type specimen book. It has survived not only five centuries, but also the leap into electronic typesetting, remaining essentially unchanged. It was popularised in the 1960s with the release of Letraset sheets containing Lorem Ipsum passages, and more recently with desktop publishing software like Aldus PageMaker including versions of Lorem Ipsum.Lorem</p>
<p style=""box-sizing: border-box; -webkit-tap-highlight-color: transparent; text-decoration-line: inherit; vertical-align: baseline; margin: 0px; padding: 0px; font-size: 14px; list-style: none; font-family: Poppins, sans-serif;"">Ipsum is simply dummy text of the printing and typesetting industry. Lorem Ipsum has been the industry's standard dummy text ever since the 1500s, when an unknown printer took a galley of type and scrambled it to make a type specimen book. It has survived not only five centuries, but also the leap into electronic typesetting, remaining essentially unchanged. It was popularised in the 1960s with the release of Letraset sheets containing Lorem Ipsum passages.</p>"," ","1","fixed_page","steps","2023-01-20 04:49:41","2023-01-20 04:49:41"
"5","Refund Policy","refund-policy","Refund policy","<p><span style=""color: #183a40; font-size: 14px;"">Lorem Ipsum is simply dummy text of the printing and typesetting industry. Lorem Ipsum has been the industry's standard dummy text ever since the 1500s, when an unknown printer took a galley of type and scrambled it to make a type specimen book. It has survived not only five centuries, but also the leap into electronic typesetting, remaining essentially unchanged. It was popularised in the 1960s with the release of Letraset sheets containing Lorem Ipsum passages, and more recently with desktop publishing software like Aldus PageMaker including versions of Lorem Ipsum.Lorem Ipsum is simply dummy text of the printing and typesetting industry. Lorem Ipsum has been the industry's standard dummy text ever since the 1500s, when an unknown printer took a galley of type and scrambled it to make a type specimen book. It has survived not only five centuries, but also the leap into electronic typesetting, remaining essentially unchanged. It was popularised in the 1960s with the release of Letraset sheets containing Lorem Ipsum passages, and more recently with desktop publishing software like Aldus PageMaker including versions of Lorem Ipsum.Lorem Ipsum is simply dummy text of the printing and typesetting industry. Lorem Ipsum has been the industry's standard dummy text ever since the 1500s, when an unknown printer took a galley of type and scrambled it to make a type specimen book. It has survived not only five centuries, but also the leap into electronic typesetting, remaining essentially unchanged. It was popularised in the 1960s with the release of Letraset sheets containing Lorem Ipsum passages, and more recently with desktop publishing software like Aldus PageMaker including versions of Lorem Ipsum.</span></p>","NULL","1","fixed_page","steps","2023-01-20 04:49:41","2023-01-20 04:49:41"
