5557,1235,themes/trinkets/uploads/66_1676876582_0N1386A_202_006_33d8dc1e-65b0-4502-856b-653325da1cea-removebg-preview.png,http://localhost/latest_Ecommarce-dev2/Ecommarce-dev2/themes/trinkets/uploads/66_1676876582_0N1386A_202_006_33d8dc1e-65b0-4502-856b-653325da1cea-removebg-preview.png,trinkets,2023-02-20 07:03:02,2023-02-20 07:03:02
5556,1235,themes/trinkets/uploads/31_1676876582_0N1386A_202_003_d842e682-4886-4358-bee9-4c6ea4880b45-removebg-preview.png,http://localhost/latest_Ecommarce-dev2/Ecommarce-dev2/themes/trinkets/uploads/31_1676876582_0N1386A_202_003_d842e682-4886-4358-bee9-4c6ea4880b45-removebg-preview.png,trinkets,2023-02-20 07:03:02,2023-02-20 07:03:02
5555,1236,themes/trinkets/uploads/89_1676876568_tiffany-tt1-ring-68169941_1012473_ED_M-removebg-preview.png,http://localhost/latest_Ecommarce-dev2/Ecommarce-dev2/themes/trinkets/uploads/89_1676876568_tiffany-tt1-ring-68169941_1012473_ED_M-removebg-preview.png,trinkets,2023-02-20 07:02:48,2023-02-20 07:02:48
5554,1236,themes/trinkets/uploads/98_1676876568_tiffany-tt1-ring-68169941_1012472_AV_2_M-removebg-preview.png,http://localhost/latest_Ecommarce-dev2/Ecommarce-dev2/themes/trinkets/uploads/98_1676876568_tiffany-tt1-ring-68169941_1012472_AV_2_M-removebg-preview.png,trinkets,2023-02-20 07:02:48,2023-02-20 07:02:48
5553,1237,themes/trinkets/uploads/84_1676876551_90373_main-removebg-preview.png,http://localhost/latest_Ecommarce-dev2/Ecommarce-dev2/themes/trinkets/uploads/84_1676876551_90373_main-removebg-preview.png,trinkets,2023-02-20 07:02:31,2023-02-20 07:02:31
5552,1237,themes/trinkets/uploads/16_1676876551_90373_back-removebg-preview.png,http://localhost/latest_Ecommarce-dev2/Ecommarce-dev2/themes/trinkets/uploads/16_1676876551_90373_back-removebg-preview.png,trinkets,2023-02-20 07:02:31,2023-02-20 07:02:31
5551,1237,themes/trinkets/uploads/99_1676876551_90372_main-removebg-preview.png,http://localhost/latest_Ecommarce-dev2/Ecommarce-dev2/themes/trinkets/uploads/99_1676876551_90372_main-removebg-preview.png,trinkets,2023-02-20 07:02:31,2023-02-20 07:02:31
5550,1237,themes/trinkets/uploads/54_1676876551_90372_back-removebg-preview.png,http://localhost/latest_Ecommarce-dev2/Ecommarce-dev2/themes/trinkets/uploads/54_1676876551_90372_back-removebg-preview.png,trinkets,2023-02-20 07:02:31,2023-02-20 07:02:31
5549,1237,themes/trinkets/uploads/38_1676876551_45058_main-removebg-preview.png,http://localhost/latest_Ecommarce-dev2/Ecommarce-dev2/themes/trinkets/uploads/38_1676876551_45058_main-removebg-preview.png,trinkets,2023-02-20 07:02:31,2023-02-20 07:02:31
5548,1238,themes/trinkets/uploads/89_1676876537_23622_main-removebg-preview.png,http://localhost/latest_Ecommarce-dev2/Ecommarce-dev2/themes/trinkets/uploads/89_1676876537_23622_main-removebg-preview.png,trinkets,2023-02-20 07:02:17,2023-02-20 07:02:17
5547,1238,themes/trinkets/uploads/80_1676876537_23622_alt1-removebg-preview.png,http://localhost/latest_Ecommarce-dev2/Ecommarce-dev2/themes/trinkets/uploads/80_1676876537_23622_alt1-removebg-preview.png,trinkets,2023-02-20 07:02:17,2023-02-20 07:02:17
5546,1238,themes/trinkets/uploads/49_1676876537_20199_main-removebg-preview.png,http://localhost/latest_Ecommarce-dev2/Ecommarce-dev2/themes/trinkets/uploads/49_1676876537_20199_main-removebg-preview.png,trinkets,2023-02-20 07:02:17,2023-02-20 07:02:17
5545,1239,themes/trinkets/uploads/28_1676876522_elsa-perettihigh-tide-earrings-67740378_1008598_AV_2-removebg-preview.png,http://localhost/latest_Ecommarce-dev2/Ecommarce-dev2/themes/trinkets/uploads/28_1676876522_elsa-perettihigh-tide-earrings-67740378_1008598_AV_2-removebg-preview.png,trinkets,2023-02-20 07:02:02,2023-02-20 07:02:02
5544,1239,themes/trinkets/uploads/81_1676876522_elsa-perettihigh-tide-earrings-67740378_1008597_AV_1-removebg-preview.png,http://localhost/latest_Ecommarce-dev2/Ecommarce-dev2/themes/trinkets/uploads/81_1676876522_elsa-perettihigh-tide-earrings-67740378_1008597_AV_1-removebg-preview.png,trinkets,2023-02-20 07:02:02,2023-02-20 07:02:02
5543,1240,themes/trinkets/uploads/27_1676876502_tiffany-knotdouble-row-hinged-bangle-68887240_1028565_AV_3_M-removebg-preview.png,http://localhost/latest_Ecommarce-dev2/Ecommarce-dev2/themes/trinkets/uploads/27_1676876502_tiffany-knotdouble-row-hinged-bangle-68887240_1028565_AV_3_M-removebg-preview.png,trinkets,2023-02-20 07:01:42,2023-02-20 07:01:42
5542,1240,themes/trinkets/uploads/88_1676876502_tiffany-knotdouble-row-hinged-bangle-68887240_1028564_ED_M-removebg-preview.png,http://localhost/latest_Ecommarce-dev2/Ecommarce-dev2/themes/trinkets/uploads/88_1676876502_tiffany-knotdouble-row-hinged-bangle-68887240_1028564_ED_M-removebg-preview.png,trinkets,2023-02-20 07:01:42,2023-02-20 07:01:42
5541,1240,themes/trinkets/uploads/69_1676876502_tiffany-knotdouble-row-hinged-bangle-68887240_1028563_AV_2_M-removebg-preview.png,http://localhost/latest_Ecommarce-dev2/Ecommarce-dev2/themes/trinkets/uploads/69_1676876502_tiffany-knotdouble-row-hinged-bangle-68887240_1028563_AV_2_M-removebg-preview.png,trinkets,2023-02-20 07:01:42,2023-02-20 07:01:42
5540,1241,themes/trinkets/uploads/94_1676876476_tiffany-tt1-ring-67795121_1010332_ED-removebg-preview.png,http://localhost/latest_Ecommarce-dev2/Ecommarce-dev2/themes/trinkets/uploads/94_1676876476_tiffany-tt1-ring-67795121_1010332_ED-removebg-preview.png,trinkets,2023-02-20 07:01:16,2023-02-20 07:01:16
5539,1241,themes/trinkets/uploads/32_1676876476_tiffany-tt1-ring-67795121_1010331_AV_2-removebg-preview.png,http://localhost/latest_Ecommarce-dev2/Ecommarce-dev2/themes/trinkets/uploads/32_1676876476_tiffany-tt1-ring-67795121_1010331_AV_2-removebg-preview.png,trinkets,2023-02-20 07:01:16,2023-02-20 07:01:16
5538,1242,themes/trinkets/uploads/40_1676876463_tiffany-co-schlumbergersixteen-stone-ring-60696632_1037579_ED_M-removebg-preview.png,http://localhost/latest_Ecommarce-dev2/Ecommarce-dev2/themes/trinkets/uploads/40_1676876463_tiffany-co-schlumbergersixteen-stone-ring-60696632_1037579_ED_M-removebg-preview.png,trinkets,2023-02-20 07:01:03,2023-02-20 07:01:03
5537,1242,themes/trinkets/uploads/86_1676876463_tiffany-co-schlumbergersixteen-stone-ring-60696632_1037578_AV_1_M-removebg-preview.png,http://localhost/latest_Ecommarce-dev2/Ecommarce-dev2/themes/trinkets/uploads/86_1676876463_tiffany-co-schlumbergersixteen-stone-ring-60696632_1037578_AV_1_M-removebg-preview.png,trinkets,2023-02-20 07:01:03,2023-02-20 07:01:03
5536,1242,themes/trinkets/uploads/48_1676876463_tiffany-co-schlumbergersixteen-stone-ring-11715966_1031819_AV_2-removebg-preview.png,http://localhost/latest_Ecommarce-dev2/Ecommarce-dev2/themes/trinkets/uploads/48_1676876463_tiffany-co-schlumbergersixteen-stone-ring-11715966_1031819_AV_2-removebg-preview.png,trinkets,2023-02-20 07:01:03,2023-02-20 07:01:03
5535,1244,themes/trinkets/uploads/88_1676876447_setting_template_profile-removebg-preview (1).png,http://localhost/latest_Ecommarce-dev2/Ecommarce-dev2/themes/trinkets/uploads/88_1676876447_setting_template_profile-removebg-preview (1).png,trinkets,2023-02-20 07:00:47,2023-02-20 07:00:47
5534,1244,themes/trinkets/uploads/22_1676876447_setting_template_profile-removebg-preview.png,http://localhost/latest_Ecommarce-dev2/Ecommarce-dev2/themes/trinkets/uploads/22_1676876447_setting_template_profile-removebg-preview.png,trinkets,2023-02-20 07:00:47,2023-02-20 07:00:47
5533,1244,themes/trinkets/uploads/65_1676876447_setting_template_main-removebg-preview (1).png,http://localhost/latest_Ecommarce-dev2/Ecommarce-dev2/themes/trinkets/uploads/65_1676876447_setting_template_main-removebg-preview (1).png,trinkets,2023-02-20 07:00:47,2023-02-20 07:00:47
5532,1244,themes/trinkets/uploads/58_1676876447_setting_template_main-removebg-preview.png,http://localhost/latest_Ecommarce-dev2/Ecommarce-dev2/themes/trinkets/uploads/58_1676876447_setting_template_main-removebg-preview.png,trinkets,2023-02-20 07:00:47,2023-02-20 07:00:47
5531,1244,themes/trinkets/uploads/22_1676876447_74897_NGN_angledProfile-removebg-preview.png,http://localhost/latest_Ecommarce-dev2/Ecommarce-dev2/themes/trinkets/uploads/22_1676876447_74897_NGN_angledProfile-removebg-preview.png,trinkets,2023-02-20 07:00:47,2023-02-20 07:00:47
5530,1245,themes/trinkets/uploads/58_1676876428_setting_template_profile-removebg-preview (2).png,http://localhost/latest_Ecommarce-dev2/Ecommarce-dev2/themes/trinkets/uploads/58_1676876428_setting_template_profile-removebg-preview (2).png,trinkets,2023-02-20 07:00:28,2023-02-20 07:00:28
5529,1245,themes/trinkets/uploads/87_1676876427_setting_template_profile-removebg-preview (1).png,http://localhost/latest_Ecommarce-dev2/Ecommarce-dev2/themes/trinkets/uploads/87_1676876427_setting_template_profile-removebg-preview (1).png,trinkets,2023-02-20 07:00:28,2023-02-20 07:00:28
5528,1245,themes/trinkets/uploads/98_1676876427_setting_template_profile-removebg-preview.png,http://localhost/latest_Ecommarce-dev2/Ecommarce-dev2/themes/trinkets/uploads/98_1676876427_setting_template_profile-removebg-preview.png,trinkets,2023-02-20 07:00:27,2023-02-20 07:00:27
5527,1245,themes/trinkets/uploads/60_1676876427_setting_template_main-removebg-preview (2).png,http://localhost/latest_Ecommarce-dev2/Ecommarce-dev2/themes/trinkets/uploads/60_1676876427_setting_template_main-removebg-preview (2).png,trinkets,2023-02-20 07:00:27,2023-02-20 07:00:27
5526,1245,themes/trinkets/uploads/47_1676876427_setting_template_main-removebg-preview (1).png,http://localhost/latest_Ecommarce-dev2/Ecommarce-dev2/themes/trinkets/uploads/47_1676876427_setting_template_main-removebg-preview (1).png,trinkets,2023-02-20 07:00:27,2023-02-20 07:00:27
5525,1245,themes/trinkets/uploads/38_1676876427_setting_template_main-removebg-preview.png,http://localhost/latest_Ecommarce-dev2/Ecommarce-dev2/themes/trinkets/uploads/38_1676876427_setting_template_main-removebg-preview.png,trinkets,2023-02-20 07:00:27,2023-02-20 07:00:27
5524,1246,themes/trinkets/uploads/46_1676876417_setting_template_profile-removebg-preview.png,http://localhost/latest_Ecommarce-dev2/Ecommarce-dev2/themes/trinkets/uploads/46_1676876417_setting_template_profile-removebg-preview.png,trinkets,2023-02-20 07:00:17,2023-02-20 07:00:17
5523,1246,themes/trinkets/uploads/42_1676876417_setting_template_main-removebg-preview (2).png,http://localhost/latest_Ecommarce-dev2/Ecommarce-dev2/themes/trinkets/uploads/42_1676876417_setting_template_main-removebg-preview (2).png,trinkets,2023-02-20 07:00:17,2023-02-20 07:00:17
5522,1246,themes/trinkets/uploads/39_1676876417_setting_template_main-removebg-preview (1).png,http://localhost/latest_Ecommarce-dev2/Ecommarce-dev2/themes/trinkets/uploads/39_1676876417_setting_template_main-removebg-preview (1).png,trinkets,2023-02-20 07:00:17,2023-02-20 07:00:17
5521,1246,themes/trinkets/uploads/88_1676876417_setting_template_main-removebg-preview.png,http://localhost/latest_Ecommarce-dev2/Ecommarce-dev2/themes/trinkets/uploads/88_1676876417_setting_template_main-removebg-preview.png,trinkets,2023-02-20 07:00:17,2023-02-20 07:00:17
5520,1246,themes/trinkets/uploads/100_1676876417_82443_NGN_AS_angledProfile-removebg-preview.png,http://localhost/latest_Ecommarce-dev2/Ecommarce-dev2/themes/trinkets/uploads/100_1676876417_82443_NGN_AS_angledProfile-removebg-preview.png,trinkets,2023-02-20 07:00:17,2023-02-20 07:00:17
5519,1247,themes/trinkets/uploads/40_1676875959_tiffany-edgemulti-row-bypass-bracelet-70920026_1050896_AV_1_M-removebg-preview.png,http://localhost/latest_Ecommarce-dev2/Ecommarce-dev2/themes/trinkets/uploads/40_1676875959_tiffany-edgemulti-row-bypass-bracelet-70920026_1050896_AV_1_M-removebg-preview.png,trinkets,2023-02-20 06:52:39,2023-02-20 06:52:39
5518,1247,themes/trinkets/uploads/46_1676875959_tiffany-edgemulti-row-bypass-bracelet-70920026_1050383_ED_M-removebg-preview.png,http://localhost/latest_Ecommarce-dev2/Ecommarce-dev2/themes/trinkets/uploads/46_1676875959_tiffany-edgemulti-row-bypass-bracelet-70920026_1050383_ED_M-removebg-preview.png,trinkets,2023-02-20 06:52:39,2023-02-20 06:52:39
5517,1247,themes/trinkets/uploads/47_1676875959_tiffany-edgemulti-row-bypass-bracelet-70920026_1050381_AV_3_M-removebg-preview.png,http://localhost/latest_Ecommarce-dev2/Ecommarce-dev2/themes/trinkets/uploads/47_1676875959_tiffany-edgemulti-row-bypass-bracelet-70920026_1050381_AV_3_M-removebg-preview.png,trinkets,2023-02-20 06:52:39,2023-02-20 06:52:39
5516,1248,themes/trinkets/uploads/51_1676875947_setting_template_profile-removebg-preview.png,http://localhost/latest_Ecommarce-dev2/Ecommarce-dev2/themes/trinkets/uploads/51_1676875947_setting_template_profile-removebg-preview.png,trinkets,2023-02-20 06:52:27,2023-02-20 06:52:27
5515,1248,themes/trinkets/uploads/35_1676875947_setting_template_main-removebg-preview.png,http://localhost/latest_Ecommarce-dev2/Ecommarce-dev2/themes/trinkets/uploads/35_1676875947_setting_template_main-removebg-preview.png,trinkets,2023-02-20 06:52:27,2023-02-20 06:52:27
5514,1249,themes/trinkets/uploads/18_1676875935_tiffany-edgebypass-ring-70920425_1050520_ED_M-removebg-preview.png,http://localhost/latest_Ecommarce-dev2/Ecommarce-dev2/themes/trinkets/uploads/18_1676875935_tiffany-edgebypass-ring-70920425_1050520_ED_M-removebg-preview.png,trinkets,2023-02-20 06:52:15,2023-02-20 06:52:15
5513,1249,themes/trinkets/uploads/24_1676875935_tiffany-edgebypass-ring-70920425_1050518_AV_2_M-removebg-preview.png,http://localhost/latest_Ecommarce-dev2/Ecommarce-dev2/themes/trinkets/uploads/24_1676875935_tiffany-edgebypass-ring-70920425_1050518_AV_2_M-removebg-preview.png,trinkets,2023-02-20 06:52:15,2023-02-20 06:52:15
5512,1250,themes/trinkets/uploads/12_1676875922_1.png,http://localhost/latest_Ecommarce-dev2/Ecommarce-dev2/themes/trinkets/uploads/12_1676875922_1.png,trinkets,2023-02-20 06:52:02,2023-02-20 06:52:02
5511,1250,themes/trinkets/uploads/26_1676875922_0N0511A_100_006_7c3b2686-08ef-458f-9e37-80406f31f370-removebg-preview.png,http://localhost/latest_Ecommarce-dev2/Ecommarce-dev2/themes/trinkets/uploads/26_1676875922_0N0511A_100_006_7c3b2686-08ef-458f-9e37-80406f31f370-removebg-preview.png,trinkets,2023-02-20 06:52:02,2023-02-20 06:52:02
5510,1251,themes/trinkets/uploads/14_1676875911_1.png,http://localhost/latest_Ecommarce-dev2/Ecommarce-dev2/themes/trinkets/uploads/14_1676875911_1.png,trinkets,2023-02-20 06:51:51,2023-02-20 06:51:51
5509,1251,themes/trinkets/uploads/78_1676875911_0N1386A_204_006_51978222-7960-4d92-807b-cfa16012bb4f-removebg-preview.png,http://localhost/latest_Ecommarce-dev2/Ecommarce-dev2/themes/trinkets/uploads/78_1676875911_0N1386A_204_006_51978222-7960-4d92-807b-cfa16012bb4f-removebg-preview.png,trinkets,2023-02-20 06:51:51,2023-02-20 06:51:51
5508,1252,themes/trinkets/uploads/79_1676875884_80128_main-removebg-preview.png,http://localhost/latest_Ecommarce-dev2/Ecommarce-dev2/themes/trinkets/uploads/79_1676875884_80128_main-removebg-preview.png,trinkets,2023-02-20 06:51:24,2023-02-20 06:51:24
5507,1252,themes/trinkets/uploads/54_1676875884_57538_main-removebg-preview.png,http://localhost/latest_Ecommarce-dev2/Ecommarce-dev2/themes/trinkets/uploads/54_1676875884_57538_main-removebg-preview.png,trinkets,2023-02-20 06:51:24,2023-02-20 06:51:24
5506,1252,themes/trinkets/uploads/62_1676875884_54816_main-removebg-preview.png,http://localhost/latest_Ecommarce-dev2/Ecommarce-dev2/themes/trinkets/uploads/62_1676875884_54816_main-removebg-preview.png,trinkets,2023-02-20 06:51:24,2023-02-20 06:51:24
5505,1253,themes/trinkets/uploads/22_1676875870_82168_side-removebg-preview.png,http://localhost/latest_Ecommarce-dev2/Ecommarce-dev2/themes/trinkets/uploads/22_1676875870_82168_side-removebg-preview.png,trinkets,2023-02-20 06:51:10,2023-02-20 06:51:10
5504,1253,themes/trinkets/uploads/98_1676875870_82168_main-removebg-preview.png,http://localhost/latest_Ecommarce-dev2/Ecommarce-dev2/themes/trinkets/uploads/98_1676875870_82168_main-removebg-preview.png,trinkets,2023-02-20 06:51:10,2023-02-20 06:51:10
5503,1253,themes/trinkets/uploads/86_1676875870_82168_back-removebg-preview.png,http://localhost/latest_Ecommarce-dev2/Ecommarce-dev2/themes/trinkets/uploads/86_1676875870_82168_back-removebg-preview.png,trinkets,2023-02-20 06:51:10,2023-02-20 06:51:10
5502,1253,themes/trinkets/uploads/18_1676875870_82162_side-removebg-preview.png,http://localhost/latest_Ecommarce-dev2/Ecommarce-dev2/themes/trinkets/uploads/18_1676875870_82162_side-removebg-preview.png,trinkets,2023-02-20 06:51:10,2023-02-20 06:51:10
5501,1253,themes/trinkets/uploads/63_1676875870_82162_main-removebg-preview.png,http://localhost/latest_Ecommarce-dev2/Ecommarce-dev2/themes/trinkets/uploads/63_1676875870_82162_main-removebg-preview.png,trinkets,2023-02-20 06:51:10,2023-02-20 06:51:10
5500,1254,themes/trinkets/uploads/99_1676875855_82169_side-removebg-preview.png,http://localhost/latest_Ecommarce-dev2/Ecommarce-dev2/themes/trinkets/uploads/99_1676875855_82169_side-removebg-preview.png,trinkets,2023-02-20 06:50:55,2023-02-20 06:50:55
5499,1254,themes/trinkets/uploads/19_1676875855_82169_back-removebg-preview.png,http://localhost/latest_Ecommarce-dev2/Ecommarce-dev2/themes/trinkets/uploads/19_1676875855_82169_back-removebg-preview.png,trinkets,2023-02-20 06:50:55,2023-02-20 06:50:55
5498,1254,themes/trinkets/uploads/63_1676875855_82163_side-removebg-preview.png,http://localhost/latest_Ecommarce-dev2/Ecommarce-dev2/themes/trinkets/uploads/63_1676875855_82163_side-removebg-preview.png,trinkets,2023-02-20 06:50:55,2023-02-20 06:50:55
5497,1255,themes/trinkets/uploads/81_1676875838_82281_side1-removebg-preview.png,http://localhost/latest_Ecommarce-dev2/Ecommarce-dev2/themes/trinkets/uploads/81_1676875838_82281_side1-removebg-preview.png,trinkets,2023-02-20 06:50:38,2023-02-20 06:50:38
5496,1255,themes/trinkets/uploads/92_1676875838_82281_main-removebg-preview.png,http://localhost/latest_Ecommarce-dev2/Ecommarce-dev2/themes/trinkets/uploads/92_1676875838_82281_main-removebg-preview.png,trinkets,2023-02-20 06:50:38,2023-02-20 06:50:38
5495,1255,themes/trinkets/uploads/83_1676875838_82281_back-removebg-preview.png,http://localhost/latest_Ecommarce-dev2/Ecommarce-dev2/themes/trinkets/uploads/83_1676875838_82281_back-removebg-preview.png,trinkets,2023-02-20 06:50:38,2023-02-20 06:50:38
5494,1255,themes/trinkets/uploads/53_1676875838_82278_side1-removebg-preview.png,http://localhost/latest_Ecommarce-dev2/Ecommarce-dev2/themes/trinkets/uploads/53_1676875838_82278_side1-removebg-preview.png,trinkets,2023-02-20 06:50:38,2023-02-20 06:50:38
5493,1255,themes/trinkets/uploads/21_1676875838_82278_main-removebg-preview.png,http://localhost/latest_Ecommarce-dev2/Ecommarce-dev2/themes/trinkets/uploads/21_1676875838_82278_main-removebg-preview.png,trinkets,2023-02-20 06:50:38,2023-02-20 06:50:38
5492,1257,themes/trinkets/uploads/66_1676875817_tiffany-co-schlumbergerflame-ear-clips-13465819_1020229_ED-removebg-preview.png,http://localhost/latest_Ecommarce-dev2/Ecommarce-dev2/themes/trinkets/uploads/66_1676875817_tiffany-co-schlumbergerflame-ear-clips-13465819_1020229_ED-removebg-preview.png,trinkets,2023-02-20 06:50:17,2023-02-20 06:50:17
5491,1257,themes/trinkets/uploads/99_1676875817_tiffany-co-schlumbergerflame-ear-clips-13465819_1020228_AV_3-removebg-preview.png,http://localhost/latest_Ecommarce-dev2/Ecommarce-dev2/themes/trinkets/uploads/99_1676875817_tiffany-co-schlumbergerflame-ear-clips-13465819_1020228_AV_3-removebg-preview.png,trinkets,2023-02-20 06:50:17,2023-02-20 06:50:17
5490,1257,themes/trinkets/uploads/46_1676875817_tiffany-co-schlumbergerflame-ear-clips-13465819_1020227_AV_2-removebg-preview.png,http://localhost/latest_Ecommarce-dev2/Ecommarce-dev2/themes/trinkets/uploads/46_1676875817_tiffany-co-schlumbergerflame-ear-clips-13465819_1020227_AV_2-removebg-preview.png,trinkets,2023-02-20 06:50:17,2023-02-20 06:50:17
5489,1258,themes/trinkets/uploads/60_1676875805_tiffany-tt1-hoop-earrings-69783023_1035901_ED-removebg-preview.png,http://localhost/latest_Ecommarce-dev2/Ecommarce-dev2/themes/trinkets/uploads/60_1676875805_tiffany-tt1-hoop-earrings-69783023_1035901_ED-removebg-preview.png,trinkets,2023-02-20 06:50:05,2023-02-20 06:50:05
5488,1258,themes/trinkets/uploads/62_1676875805_tiffany-tt1-hoop-earrings-69783023_1035900_AV_2-removebg-preview.png,http://localhost/latest_Ecommarce-dev2/Ecommarce-dev2/themes/trinkets/uploads/62_1676875805_tiffany-tt1-hoop-earrings-69783023_1035900_AV_2-removebg-preview.png,trinkets,2023-02-20 06:50:05,2023-02-20 06:50:05
5487,1259,themes/trinkets/uploads/33_1676875793_tiffany-solesteearrings-37514594_1026002_ED-removebg-preview.png,http://localhost/latest_Ecommarce-dev2/Ecommarce-dev2/themes/trinkets/uploads/33_1676875793_tiffany-solesteearrings-37514594_1026002_ED-removebg-preview.png,trinkets,2023-02-20 06:49:53,2023-02-20 06:49:53
5486,1259,themes/trinkets/uploads/15_1676875793_tiffany-solesteearrings-37514594_1026001_AV_2-removebg-preview.png,http://localhost/latest_Ecommarce-dev2/Ecommarce-dev2/themes/trinkets/uploads/15_1676875793_tiffany-solesteearrings-37514594_1026001_AV_2-removebg-preview.png,trinkets,2023-02-20 06:49:53,2023-02-20 06:49:53
5485,1260,themes/trinkets/uploads/37_1676875780_84769_side-removebg-preview.png,http://localhost/latest_Ecommarce-dev2/Ecommarce-dev2/themes/trinkets/uploads/37_1676875780_84769_side-removebg-preview.png,trinkets,2023-02-20 06:49:40,2023-02-20 06:49:40
5484,1260,themes/trinkets/uploads/48_1676875780_84769_main-removebg-preview.png,http://localhost/latest_Ecommarce-dev2/Ecommarce-dev2/themes/trinkets/uploads/48_1676875780_84769_main-removebg-preview.png,trinkets,2023-02-20 06:49:40,2023-02-20 06:49:40
5483,1260,themes/trinkets/uploads/13_1676875780_84769_back-removebg-preview.png,http://localhost/latest_Ecommarce-dev2/Ecommarce-dev2/themes/trinkets/uploads/13_1676875780_84769_back-removebg-preview.png,trinkets,2023-02-20 06:49:40,2023-02-20 06:49:40
5482,1261,themes/trinkets/uploads/65_1676875767_tiffany-hardwearlink-earrings-68692539_1013502_ED-removebg-preview.png,http://localhost/latest_Ecommarce-dev2/Ecommarce-dev2/themes/trinkets/uploads/65_1676875767_tiffany-hardwearlink-earrings-68692539_1013502_ED-removebg-preview.png,trinkets,2023-02-20 06:49:27,2023-02-20 06:49:27
5481,1261,themes/trinkets/uploads/27_1676875767_tiffany-hardwearlink-earrings-68692539_1013501_AV_2-removebg-preview.png,http://localhost/latest_Ecommarce-dev2/Ecommarce-dev2/themes/trinkets/uploads/27_1676875767_tiffany-hardwearlink-earrings-68692539_1013501_AV_2-removebg-preview.png,trinkets,2023-02-20 06:49:27,2023-02-20 06:49:27
5480,1262,themes/trinkets/uploads/13_1676875754_84767_side-removebg-preview.png,http://localhost/latest_Ecommarce-dev2/Ecommarce-dev2/themes/trinkets/uploads/13_1676875754_84767_side-removebg-preview.png,trinkets,2023-02-20 06:49:14,2023-02-20 06:49:14
5479,1262,themes/trinkets/uploads/32_1676875754_84767_main-removebg-preview.png,http://localhost/latest_Ecommarce-dev2/Ecommarce-dev2/themes/trinkets/uploads/32_1676875754_84767_main-removebg-preview.png,trinkets,2023-02-20 06:49:14,2023-02-20 06:49:14
5478,1263,themes/trinkets/uploads/26_1676875742_tiffany-hardwearlink-earrings-38087983_1005631_AV_2-removebg-preview.png,http://localhost/latest_Ecommarce-dev2/Ecommarce-dev2/themes/trinkets/uploads/26_1676875742_tiffany-hardwearlink-earrings-38087983_1005631_AV_2-removebg-preview.png,trinkets,2023-02-20 06:49:02,2023-02-20 06:49:02
5477,1263,themes/trinkets/uploads/85_1676875742_tiffany-hardwearlink-earrings-38087983_1005630_AV_1-removebg-preview.png,http://localhost/latest_Ecommarce-dev2/Ecommarce-dev2/themes/trinkets/uploads/85_1676875742_tiffany-hardwearlink-earrings-38087983_1005630_AV_1-removebg-preview.png,trinkets,2023-02-20 06:49:02,2023-02-20 06:49:02
5476,1264,themes/trinkets/uploads/34_1676875731_93659_back-removebg-preview.png,http://localhost/latest_Ecommarce-dev2/Ecommarce-dev2/themes/trinkets/uploads/34_1676875731_93659_back-removebg-preview.png,trinkets,2023-02-20 06:48:51,2023-02-20 06:48:51
5475,1264,themes/trinkets/uploads/27_1676875728_93659_main-removebg-preview.png,http://localhost/latest_Ecommarce-dev2/Ecommarce-dev2/themes/trinkets/uploads/27_1676875728_93659_main-removebg-preview.png,trinkets,2023-02-20 06:48:48,2023-02-20 06:48:48
5473,1265,themes/trinkets/uploads/75_1676875710_3.png,http://localhost/latest_Ecommarce-dev2/Ecommarce-dev2/themes/trinkets/uploads/75_1676875710_3.png,trinkets,2023-02-20 06:48:30,2023-02-20 06:48:30
5472,1265,themes/trinkets/uploads/58_1676875710_2.png,http://localhost/latest_Ecommarce-dev2/Ecommarce-dev2/themes/trinkets/uploads/58_1676875710_2.png,trinkets,2023-02-20 06:48:30,2023-02-20 06:48:30
5471,1265,themes/trinkets/uploads/61_1676875710_1.png,http://localhost/latest_Ecommarce-dev2/Ecommarce-dev2/themes/trinkets/uploads/61_1676875710_1.png,trinkets,2023-02-20 06:48:30,2023-02-20 06:48:30
5470,1266,themes/trinkets/uploads/11_1676875689_tiffany-tt1-wide-diamond-hinged-bangle-67792807_1013898_ED-removebg-preview.png,http://localhost/latest_Ecommarce-dev2/Ecommarce-dev2/themes/trinkets/uploads/11_1676875689_tiffany-tt1-wide-diamond-hinged-bangle-67792807_1013898_ED-removebg-preview.png,trinkets,2023-02-20 06:48:09,2023-02-20 06:48:09
5469,1266,themes/trinkets/uploads/76_1676875689_tiffany-tt1-wide-diamond-hinged-bangle-67792807_1013896_AV_3-removebg-preview.png,http://localhost/latest_Ecommarce-dev2/Ecommarce-dev2/themes/trinkets/uploads/76_1676875689_tiffany-tt1-wide-diamond-hinged-bangle-67792807_1013896_AV_3-removebg-preview.png,trinkets,2023-02-20 06:48:09,2023-02-20 06:48:09
5468,1266,themes/trinkets/uploads/74_1676875689_tiffany-tt1-wide-diamond-hinged-bangle-67792785_1013895_AV_1-removebg-preview.png,http://localhost/latest_Ecommarce-dev2/Ecommarce-dev2/themes/trinkets/uploads/74_1676875689_tiffany-tt1-wide-diamond-hinged-bangle-67792785_1013895_AV_1-removebg-preview.png,trinkets,2023-02-20 06:48:09,2023-02-20 06:48:09
5467,1267,themes/trinkets/uploads/38_1676875664_5.png,http://localhost/latest_Ecommarce-dev2/Ecommarce-dev2/themes/trinkets/uploads/38_1676875664_5.png,trinkets,2023-02-20 06:47:44,2023-02-20 06:47:44
5466,1267,themes/trinkets/uploads/54_1676875664_4.png,http://localhost/latest_Ecommarce-dev2/Ecommarce-dev2/themes/trinkets/uploads/54_1676875664_4.png,trinkets,2023-02-20 06:47:44,2023-02-20 06:47:44
5465,1267,themes/trinkets/uploads/38_1676875664_3.png,http://localhost/latest_Ecommarce-dev2/Ecommarce-dev2/themes/trinkets/uploads/38_1676875664_3.png,trinkets,2023-02-20 06:47:44,2023-02-20 06:47:44
5464,1267,themes/trinkets/uploads/61_1676875664_2.png,http://localhost/latest_Ecommarce-dev2/Ecommarce-dev2/themes/trinkets/uploads/61_1676875664_2.png,trinkets,2023-02-20 06:47:44,2023-02-20 06:47:44
5463,1268,themes/trinkets/uploads/93_1676875651_4.png,http://localhost/latest_Ecommarce-dev2/Ecommarce-dev2/themes/trinkets/uploads/93_1676875651_4.png,trinkets,2023-02-20 06:47:31,2023-02-20 06:47:31
5462,1268,themes/trinkets/uploads/39_1676875651_3.png,http://localhost/latest_Ecommarce-dev2/Ecommarce-dev2/themes/trinkets/uploads/39_1676875651_3.png,trinkets,2023-02-20 06:47:31,2023-02-20 06:47:31
5461,1268,themes/trinkets/uploads/75_1676875651_2.png,http://localhost/latest_Ecommarce-dev2/Ecommarce-dev2/themes/trinkets/uploads/75_1676875651_2.png,trinkets,2023-02-20 06:47:31,2023-02-20 06:47:31
5460,1269,themes/trinkets/uploads/49_1676875636_tiffany-hardwearwrap-bracelet-37932825_998073_AV_3_M-removebg-preview.png,http://localhost/latest_Ecommarce-dev2/Ecommarce-dev2/themes/trinkets/uploads/49_1676875636_tiffany-hardwearwrap-bracelet-37932825_998073_AV_3_M-removebg-preview.png,trinkets,2023-02-20 06:47:16,2023-02-20 06:47:16
5459,1269,themes/trinkets/uploads/74_1676875636_tiffany-hardwearwrap-bracelet-37932825_991825_AV_2_M-removebg-preview.png,http://localhost/latest_Ecommarce-dev2/Ecommarce-dev2/themes/trinkets/uploads/74_1676875636_tiffany-hardwearwrap-bracelet-37932825_991825_AV_2_M-removebg-preview.png,trinkets,2023-02-20 06:47:16,2023-02-20 06:47:16
5458,1269,themes/trinkets/uploads/54_1676875636_tiffany-hardwearwrap-bracelet-37932825_991821_AV_1_M-removebg-preview.png,http://localhost/latest_Ecommarce-dev2/Ecommarce-dev2/themes/trinkets/uploads/54_1676875636_tiffany-hardwearwrap-bracelet-37932825_991821_AV_1_M-removebg-preview.png,trinkets,2023-02-20 06:47:16,2023-02-20 06:47:16
5457,1270,themes/trinkets/uploads/75_1676875554_tiffany-lockbangle-70181150_1043479_AV_3-removebg-preview.png,http://localhost/latest_Ecommarce-dev2/Ecommarce-dev2/themes/trinkets/uploads/75_1676875554_tiffany-lockbangle-70181150_1043479_AV_3-removebg-preview.png,trinkets,2023-02-20 06:45:54,2023-02-20 06:45:54
5456,1271,themes/trinkets/uploads/24_1676875545_3.png,http://localhost/latest_Ecommarce-dev2/Ecommarce-dev2/themes/trinkets/uploads/24_1676875545_3.png,trinkets,2023-02-20 06:45:45,2023-02-20 06:45:45
5455,1271,themes/trinkets/uploads/68_1676875545_2.png,http://localhost/latest_Ecommarce-dev2/Ecommarce-dev2/themes/trinkets/uploads/68_1676875545_2.png,trinkets,2023-02-20 06:45:45,2023-02-20 06:45:45
5454,1272,themes/trinkets/uploads/98_1676875528_7.png,http://localhost/latest_Ecommarce-dev2/Ecommarce-dev2/themes/trinkets/uploads/98_1676875528_7.png,trinkets,2023-02-20 06:45:28,2023-02-20 06:45:28
5453,1272,themes/trinkets/uploads/85_1676875528_6.png,http://localhost/latest_Ecommarce-dev2/Ecommarce-dev2/themes/trinkets/uploads/85_1676875528_6.png,trinkets,2023-02-20 06:45:28,2023-02-20 06:45:28
5452,1272,themes/trinkets/uploads/78_1676875528_5.png,http://localhost/latest_Ecommarce-dev2/Ecommarce-dev2/themes/trinkets/uploads/78_1676875528_5.png,trinkets,2023-02-20 06:45:28,2023-02-20 06:45:28
5451,1272,themes/trinkets/uploads/18_1676875528_4.png,http://localhost/latest_Ecommarce-dev2/Ecommarce-dev2/themes/trinkets/uploads/18_1676875528_4.png,trinkets,2023-02-20 06:45:28,2023-02-20 06:45:28
5450,1272,themes/trinkets/uploads/66_1676875528_3.png,http://localhost/latest_Ecommarce-dev2/Ecommarce-dev2/themes/trinkets/uploads/66_1676875528_3.png,trinkets,2023-02-20 06:45:28,2023-02-20 06:45:28
5449,1272,themes/trinkets/uploads/46_1676875528_2.png,http://localhost/latest_Ecommarce-dev2/Ecommarce-dev2/themes/trinkets/uploads/46_1676875528_2.png,trinkets,2023-02-20 06:45:28,2023-02-20 06:45:28
5448,1274,themes/trinkets/uploads/41_1676875511_return-to-tiffanywrap-bead-bracelet-69783325_1035693_AV_3_M-removebg-preview.png,http://localhost/latest_Ecommarce-dev2/Ecommarce-dev2/themes/trinkets/uploads/41_1676875511_return-to-tiffanywrap-bead-bracelet-69783325_1035693_AV_3_M-removebg-preview.png,trinkets,2023-02-20 06:45:11,2023-02-20 06:45:11
5447,1274,themes/trinkets/uploads/20_1676875511_return-to-tiffanywrap-bead-bracelet-69783325_1035692_AV_1-removebg-preview.png,http://localhost/latest_Ecommarce-dev2/Ecommarce-dev2/themes/trinkets/uploads/20_1676875511_return-to-tiffanywrap-bead-bracelet-69783325_1035692_AV_1-removebg-preview.png,trinkets,2023-02-20 06:45:11,2023-02-20 06:45:11
5446,1274,themes/trinkets/uploads/74_1676875511_return-to-tiffanywrap-bead-bracelet-69783325_1035691_AV_2_M-removebg-preview.png,http://localhost/latest_Ecommarce-dev2/Ecommarce-dev2/themes/trinkets/uploads/74_1676875511_return-to-tiffanywrap-bead-bracelet-69783325_1035691_AV_2_M-removebg-preview.png,trinkets,2023-02-20 06:45:11,2023-02-20 06:45:11
5445,1275,themes/trinkets/uploads/23_1676875490_4.png,http://localhost/latest_Ecommarce-dev2/Ecommarce-dev2/themes/trinkets/uploads/23_1676875490_4.png,trinkets,2023-02-20 06:44:50,2023-02-20 06:44:50
5444,1275,themes/trinkets/uploads/99_1676875490_3.png,http://localhost/latest_Ecommarce-dev2/Ecommarce-dev2/themes/trinkets/uploads/99_1676875490_3.png,trinkets,2023-02-20 06:44:50,2023-02-20 06:44:50
5443,1275,themes/trinkets/uploads/61_1676875490_2.png,http://localhost/latest_Ecommarce-dev2/Ecommarce-dev2/themes/trinkets/uploads/61_1676875490_2.png,trinkets,2023-02-20 06:44:50,2023-02-20 06:44:50
5044,1276,themes/trinkets/uploads/19_1674458051_2.png,http://localhost/latest_Ecommarce-dev2/Ecommarce-dev2/themes/trinkets/uploads/19_1674458051_2.png,trinkets,2023-01-23 07:14:11,2023-01-23 07:14:11
5043,1276,themes/trinkets/uploads/11_1674458051_1.png,http://localhost/latest_Ecommarce-dev2/Ecommarce-dev2/themes/trinkets/uploads/11_1674458051_1.png,trinkets,2023-01-23 07:14:11,2023-01-23 07:14:11
4971,1256,themes/trinkets/uploads/26_1674457671_96157_side-removebg-preview.png,http://localhost/latest_Ecommarce-dev2/Ecommarce-dev2/themes/trinkets/uploads/26_1674457671_96157_side-removebg-preview.png,trinkets,2023-01-23 07:07:51,2023-01-23 07:07:51
4935,1270,themes/trinkets/uploads/41_1674457478_tiffany-lockbangle-70181150_1044783_ED-removebg-preview.png,http://localhost/latest_Ecommarce-dev2/Ecommarce-dev2/themes/trinkets/uploads/41_1674457478_tiffany-lockbangle-70181150_1044783_ED-removebg-preview.png,trinkets,2023-01-23 07:04:38,2023-01-23 07:04:38
4933,1270,themes/trinkets/uploads/17_1674457478_tiffany-lockbangle-70181150_1043476_AV_2-removebg-preview.png,http://localhost/latest_Ecommarce-dev2/Ecommarce-dev2/themes/trinkets/uploads/17_1674457478_tiffany-lockbangle-70181150_1043476_AV_2-removebg-preview.png,trinkets,2023-01-23 07:04:38,2023-01-23 07:04:38
4924,1273,themes/trinkets/uploads/19_1674457444_tiffany-co-schlumbergeribex-brooch-21000736_1020292_ED-removebg-preview.png,http://localhost/latest_Ecommarce-dev2/Ecommarce-dev2/themes/trinkets/uploads/19_1674457444_tiffany-co-schlumbergeribex-brooch-21000736_1020292_ED-removebg-preview.png,trinkets,2023-01-23 07:04:04,2023-01-23 07:04:04
4923,1273,themes/trinkets/uploads/10_1674457444_tiffany-co-schlumbergeribex-brooch-21000736_1020291_AV_3-removebg-preview.png,http://localhost/latest_Ecommarce-dev2/Ecommarce-dev2/themes/trinkets/uploads/10_1674457444_tiffany-co-schlumbergeribex-brooch-21000736_1020291_AV_3-removebg-preview.png,trinkets,2023-01-23 07:04:04,2023-01-23 07:04:04
4922,1273,themes/trinkets/uploads/32_1674457444_tiffany-co-schlumbergeribex-brooch-21000736_1020290_AV_2-removebg-preview.png,http://localhost/latest_Ecommarce-dev2/Ecommarce-dev2/themes/trinkets/uploads/32_1674457444_tiffany-co-schlumbergeribex-brooch-21000736_1020290_AV_2-removebg-preview.png,trinkets,2023-01-23 07:04:04,2023-01-23 07:04:04
4876,1243,themes/trinkets/uploads/56_1674451167_setting_template_main-removebg-preview (1).png,http://localhost/latest_Ecommarce-dev2/Ecommarce-dev2/themes/trinkets/uploads/56_1674451167_setting_template_main-removebg-preview (1).png,trinkets,2023-01-23 05:19:27,2023-01-23 05:19:27
