"5260","1325","themes/mensonly/uploads/51_1674537377_product-image-1989153820_1024x1024_2x-removebg-preview.png","http://localhost/latest_Ecommarce-dev2/Ecommarce-dev2/themes/mensonly/uploads/51_1674537377_product-image-1989153820_1024x1024_2x-removebg-preview.png","mensonly","2023-01-24 05:16:17","2023-01-24 05:16:17"
"5259","1325","themes/mensonly/uploads/95_1674537377_product-image-1989153818_1024x1024_2x-removebg-preview.png","http://localhost/latest_Ecommarce-dev2/Ecommarce-dev2/themes/mensonly/uploads/95_1674537377_product-image-1989153818_1024x1024_2x-removebg-preview.png","mensonly","2023-01-24 05:16:17","2023-01-24 05:16:17"
"5258","1325","themes/mensonly/uploads/62_1674537377_product-image-1989153817_1024x1024_2x-removebg-preview.png","http://localhost/latest_Ecommarce-dev2/Ecommarce-dev2/themes/mensonly/uploads/62_1674537377_product-image-1989153817_1024x1024_2x-removebg-preview.png","mensonly","2023-01-24 05:16:17","2023-01-24 05:16:17"
"5257","1324","themes/mensonly/uploads/79_1674537332_product-image-1892526222_1024x1024_2x-removebg-preview.png","http://localhost/latest_Ecommarce-dev2/Ecommarce-dev2/themes/mensonly/uploads/79_1674537332_product-image-1892526222_1024x1024_2x-removebg-preview.png","mensonly","2023-01-24 05:15:32","2023-01-24 05:15:32"
"5256","1324","themes/mensonly/uploads/29_1674537332_product-image-1892526221_1024x1024_2x-removebg-preview.png","http://localhost/latest_Ecommarce-dev2/Ecommarce-dev2/themes/mensonly/uploads/29_1674537332_product-image-1892526221_1024x1024_2x-removebg-preview.png","mensonly","2023-01-24 05:15:32","2023-01-24 05:15:32"
"5255","1324","themes/mensonly/uploads/44_1674537332_product-image-1892526220_1024x1024_2x-removebg-preview.png","http://localhost/latest_Ecommarce-dev2/Ecommarce-dev2/themes/mensonly/uploads/44_1674537332_product-image-1892526220_1024x1024_2x-removebg-preview.png","mensonly","2023-01-24 05:15:32","2023-01-24 05:15:32"
"5254","1323","themes/mensonly/uploads/69_1674537293_product-image-1969891712_1024x1024_2x-removebg-preview.png","http://localhost/latest_Ecommarce-dev2/Ecommarce-dev2/themes/mensonly/uploads/69_1674537293_product-image-1969891712_1024x1024_2x-removebg-preview.png","mensonly","2023-01-24 05:14:53","2023-01-24 05:14:53"
"5253","1323","themes/mensonly/uploads/23_1674537293_product-image-1969891711_1024x1024_2x-removebg-preview.png","http://localhost/latest_Ecommarce-dev2/Ecommarce-dev2/themes/mensonly/uploads/23_1674537293_product-image-1969891711_1024x1024_2x-removebg-preview.png","mensonly","2023-01-24 05:14:53","2023-01-24 05:14:53"
"5252","1323","themes/mensonly/uploads/66_1674537293_product-image-1969891710_1024x1024_2x-removebg-preview.png","http://localhost/latest_Ecommarce-dev2/Ecommarce-dev2/themes/mensonly/uploads/66_1674537293_product-image-1969891710_1024x1024_2x-removebg-preview.png","mensonly","2023-01-24 05:14:53","2023-01-24 05:14:53"
"5251","1322","themes/mensonly/uploads/21_1674537256_product-image-1863560076_1024x1024_2x-removebg-preview.png","http://localhost/latest_Ecommarce-dev2/Ecommarce-dev2/themes/mensonly/uploads/21_1674537256_product-image-1863560076_1024x1024_2x-removebg-preview.png","mensonly","2023-01-24 05:14:16","2023-01-24 05:14:16"
"5250","1322","themes/mensonly/uploads/15_1674537256_product-image-1863560074_1024x1024_2x-removebg-preview.png","http://localhost/latest_Ecommarce-dev2/Ecommarce-dev2/themes/mensonly/uploads/15_1674537256_product-image-1863560074_1024x1024_2x-removebg-preview.png","mensonly","2023-01-24 05:14:16","2023-01-24 05:14:16"
"5249","1322","themes/mensonly/uploads/65_1674537256_product-image-1863560073_1024x1024_2x-removebg-preview.png","http://localhost/latest_Ecommarce-dev2/Ecommarce-dev2/themes/mensonly/uploads/65_1674537256_product-image-1863560073_1024x1024_2x-removebg-preview.png","mensonly","2023-01-24 05:14:16","2023-01-24 05:14:16"
"5248","1321","themes/mensonly/uploads/87_1674537212_product-image-1958529674_1024x1024_2x-removebg-preview.png","http://localhost/latest_Ecommarce-dev2/Ecommarce-dev2/themes/mensonly/uploads/87_1674537212_product-image-1958529674_1024x1024_2x-removebg-preview.png","mensonly","2023-01-24 05:13:32","2023-01-24 05:13:32"
"5247","1321","themes/mensonly/uploads/80_1674537212_product-image-1958529672_1024x1024_2x-removebg-preview.png","http://localhost/latest_Ecommarce-dev2/Ecommarce-dev2/themes/mensonly/uploads/80_1674537212_product-image-1958529672_1024x1024_2x-removebg-preview.png","mensonly","2023-01-24 05:13:32","2023-01-24 05:13:32"
"5246","1321","themes/mensonly/uploads/71_1674537212_product-image-1958529671_1024x1024_2x-removebg-preview.png","http://localhost/latest_Ecommarce-dev2/Ecommarce-dev2/themes/mensonly/uploads/71_1674537212_product-image-1958529671_1024x1024_2x-removebg-preview.png","mensonly","2023-01-24 05:13:32","2023-01-24 05:13:32"
"5245","1320","themes/mensonly/uploads/99_1674537136_Hb910f07fe8ca426da7ba208f53b3fcf0d_1024x1024_2x-removebg-preview.png","http://localhost/latest_Ecommarce-dev2/Ecommarce-dev2/themes/mensonly/uploads/99_1674537136_Hb910f07fe8ca426da7ba208f53b3fcf0d_1024x1024_2x-removebg-preview.png","mensonly","2023-01-24 05:12:16","2023-01-24 05:12:16"
"5244","1320","themes/mensonly/uploads/79_1674537136_H2923881064c246959a46c52da0a210a7e_1024x1024_2x-removebg-preview.png","http://localhost/latest_Ecommarce-dev2/Ecommarce-dev2/themes/mensonly/uploads/79_1674537136_H2923881064c246959a46c52da0a210a7e_1024x1024_2x-removebg-preview.png","mensonly","2023-01-24 05:12:16","2023-01-24 05:12:16"
"5243","1320","themes/mensonly/uploads/33_1674537136_H64394c9e1bfe4dcaa23b2c46fc1739a0q_1024x1024_2x-removebg-preview.png","http://localhost/latest_Ecommarce-dev2/Ecommarce-dev2/themes/mensonly/uploads/33_1674537136_H64394c9e1bfe4dcaa23b2c46fc1739a0q_1024x1024_2x-removebg-preview.png","mensonly","2023-01-24 05:12:16","2023-01-24 05:12:16"
"5242","1319","themes/mensonly/uploads/18_1674537097_product-image-1963460216_1024x1024_2x-removebg-preview.png","http://localhost/latest_Ecommarce-dev2/Ecommarce-dev2/themes/mensonly/uploads/18_1674537097_product-image-1963460216_1024x1024_2x-removebg-preview.png","mensonly","2023-01-24 05:11:37","2023-01-24 05:11:37"
"5241","1319","themes/mensonly/uploads/46_1674537097_product-image-1963460215_1024x1024_2x-removebg-preview.png","http://localhost/latest_Ecommarce-dev2/Ecommarce-dev2/themes/mensonly/uploads/46_1674537097_product-image-1963460215_1024x1024_2x-removebg-preview.png","mensonly","2023-01-24 05:11:37","2023-01-24 05:11:37"
"5240","1319","themes/mensonly/uploads/53_1674537097_product-image-1963460212_d00c1c87-a624-4693-8ec0-dd94a4bdb2df_1024x1024_2x-removebg-preview.png","http://localhost/latest_Ecommarce-dev2/Ecommarce-dev2/themes/mensonly/uploads/53_1674537097_product-image-1963460212_d00c1c87-a624-4693-8ec0-dd94a4bdb2df_1024x1024_2x-removebg-preview.png","mensonly","2023-01-24 05:11:37","2023-01-24 05:11:37"
"5239","1318","themes/mensonly/uploads/92_1674537060_Sd2cc0852165547bd87caef55b24569411_1024x1024_2x-removebg-preview.png","http://localhost/latest_Ecommarce-dev2/Ecommarce-dev2/themes/mensonly/uploads/92_1674537060_Sd2cc0852165547bd87caef55b24569411_1024x1024_2x-removebg-preview.png","mensonly","2023-01-24 05:11:00","2023-01-24 05:11:00"
"5238","1318","themes/mensonly/uploads/63_1674537060_Sd2a9754ec03740788e8971ea181b552fH_1024x1024_2x-removebg-preview.png","http://localhost/latest_Ecommarce-dev2/Ecommarce-dev2/themes/mensonly/uploads/63_1674537060_Sd2a9754ec03740788e8971ea181b552fH_1024x1024_2x-removebg-preview.png","mensonly","2023-01-24 05:11:00","2023-01-24 05:11:00"
"5237","1318","themes/mensonly/uploads/31_1674537060_Sb03c3a77aef740489c89d6c17a0102a5w_1024x1024_2x-removebg-preview.png","http://localhost/latest_Ecommarce-dev2/Ecommarce-dev2/themes/mensonly/uploads/31_1674537060_Sb03c3a77aef740489c89d6c17a0102a5w_1024x1024_2x-removebg-preview.png","mensonly","2023-01-24 05:11:00","2023-01-24 05:11:00"
"5236","1317","themes/mensonly/uploads/96_1674536927_S25cd2c7df8f04265b027cc53660fccb4U_1024x1024_2x-removebg-preview.png","http://localhost/latest_Ecommarce-dev2/Ecommarce-dev2/themes/mensonly/uploads/96_1674536927_S25cd2c7df8f04265b027cc53660fccb4U_1024x1024_2x-removebg-preview.png","mensonly","2023-01-24 05:08:47","2023-01-24 05:08:47"
"5235","1317","themes/mensonly/uploads/35_1674536927_S19e8c8718a1743c7bbdfdd6a52ce73a5U_1024x1024_2x-removebg-preview.png","http://localhost/latest_Ecommarce-dev2/Ecommarce-dev2/themes/mensonly/uploads/35_1674536927_S19e8c8718a1743c7bbdfdd6a52ce73a5U_1024x1024_2x-removebg-preview.png","mensonly","2023-01-24 05:08:47","2023-01-24 05:08:47"
"5234","1316","themes/mensonly/uploads/99_1674536877_product-image-691933768_1024x1024_2x-removebg-preview.png","http://localhost/latest_Ecommarce-dev2/Ecommarce-dev2/themes/mensonly/uploads/99_1674536877_product-image-691933768_1024x1024_2x-removebg-preview.png","mensonly","2023-01-24 05:07:57","2023-01-24 05:07:57"
"5233","1316","themes/mensonly/uploads/63_1674536877_product-image-691933767_1024x1024_2x-removebg-preview.png","http://localhost/latest_Ecommarce-dev2/Ecommarce-dev2/themes/mensonly/uploads/63_1674536877_product-image-691933767_1024x1024_2x-removebg-preview.png","mensonly","2023-01-24 05:07:57","2023-01-24 05:07:57"
"5232","1316","themes/mensonly/uploads/59_1674536877_product-image-691933766_1024x1024_2x-removebg-preview.png","http://localhost/latest_Ecommarce-dev2/Ecommarce-dev2/themes/mensonly/uploads/59_1674536877_product-image-691933766_1024x1024_2x-removebg-preview.png","mensonly","2023-01-24 05:07:57","2023-01-24 05:07:57"
"5231","1315","themes/mensonly/uploads/88_1674536823_ZXQMen_sGenuineLeatherStylishBusinessDressShoes_NavyBlue_1024x1024_2x-removebg-preview.png","http://localhost/latest_Ecommarce-dev2/Ecommarce-dev2/themes/mensonly/uploads/88_1674536823_ZXQMen_sGenuineLeatherStylishBusinessDressShoes_NavyBlue_1024x1024_2x-removebg-preview.png","mensonly","2023-01-24 05:07:03","2023-01-24 05:07:03"
"5230","1315","themes/mensonly/uploads/38_1674536823_ZXQMen_sGenuineLeatherStylishBusinessDressShoes_Brown_1024x1024_2x-removebg-preview.png","http://localhost/latest_Ecommarce-dev2/Ecommarce-dev2/themes/mensonly/uploads/38_1674536823_ZXQMen_sGenuineLeatherStylishBusinessDressShoes_Brown_1024x1024_2x-removebg-preview.png","mensonly","2023-01-24 05:07:03","2023-01-24 05:07:03"
"5229","1315","themes/mensonly/uploads/93_1674536823_ZXQMen_sGenuineLeatherStylishBusinessDressShoes_Black_1024x1024_2x-removebg-preview.png","http://localhost/latest_Ecommarce-dev2/Ecommarce-dev2/themes/mensonly/uploads/93_1674536823_ZXQMen_sGenuineLeatherStylishBusinessDressShoes_Black_1024x1024_2x-removebg-preview.png","mensonly","2023-01-24 05:07:03","2023-01-24 05:07:03"
"5228","1314","themes/mensonly/uploads/43_1674536776_HTB19lBtXe3tHKVjSZSgq6x4QFXat_1024x1024_2x-removebg-preview.png","http://localhost/latest_Ecommarce-dev2/Ecommarce-dev2/themes/mensonly/uploads/43_1674536776_HTB19lBtXe3tHKVjSZSgq6x4QFXat_1024x1024_2x-removebg-preview.png","mensonly","2023-01-24 05:06:16","2023-01-24 05:06:16"
"5227","1314","themes/mensonly/uploads/52_1674536776_HTB1UbZuL3HqK1RjSZFgq6y7JXXab_1024x1024_2x-removebg-preview.png","http://localhost/latest_Ecommarce-dev2/Ecommarce-dev2/themes/mensonly/uploads/52_1674536776_HTB1UbZuL3HqK1RjSZFgq6y7JXXab_1024x1024_2x-removebg-preview.png","mensonly","2023-01-24 05:06:16","2023-01-24 05:06:16"
"5226","1314","themes/mensonly/uploads/80_1674536776_HTB1Pcv4eTZmx1VjSZFGq6yx2XXaK_1024x1024_2x-removebg-preview.png","http://localhost/latest_Ecommarce-dev2/Ecommarce-dev2/themes/mensonly/uploads/80_1674536776_HTB1Pcv4eTZmx1VjSZFGq6yx2XXaK_1024x1024_2x-removebg-preview.png","mensonly","2023-01-24 05:06:16","2023-01-24 05:06:16"
"5225","1313","themes/mensonly/uploads/92_1674536742_product-image-1038706294_1024x1024_2x-removebg-preview.png","http://localhost/latest_Ecommarce-dev2/Ecommarce-dev2/themes/mensonly/uploads/92_1674536742_product-image-1038706294_1024x1024_2x-removebg-preview.png","mensonly","2023-01-24 05:05:42","2023-01-24 05:05:42"
"5224","1313","themes/mensonly/uploads/92_1674536742_product-image-1038706285_1024x1024_2x-removebg-preview.png","http://localhost/latest_Ecommarce-dev2/Ecommarce-dev2/themes/mensonly/uploads/92_1674536742_product-image-1038706285_1024x1024_2x-removebg-preview.png","mensonly","2023-01-24 05:05:42","2023-01-24 05:05:42"
"5223","1313","themes/mensonly/uploads/54_1674536742_product-image-1038706272_1024x1024_2x-removebg-preview.png","http://localhost/latest_Ecommarce-dev2/Ecommarce-dev2/themes/mensonly/uploads/54_1674536742_product-image-1038706272_1024x1024_2x-removebg-preview.png","mensonly","2023-01-24 05:05:42","2023-01-24 05:05:42"
"5222","1312","themes/mensonly/uploads/64_1674536706_product-image-992891914_1024x1024_2x-removebg-preview.png","http://localhost/latest_Ecommarce-dev2/Ecommarce-dev2/themes/mensonly/uploads/64_1674536706_product-image-992891914_1024x1024_2x-removebg-preview.png","mensonly","2023-01-24 05:05:06","2023-01-24 05:05:06"
"5221","1312","themes/mensonly/uploads/60_1674536706_product-image-992891913_1024x1024_2x-removebg-preview.png","http://localhost/latest_Ecommarce-dev2/Ecommarce-dev2/themes/mensonly/uploads/60_1674536706_product-image-992891913_1024x1024_2x-removebg-preview.png","mensonly","2023-01-24 05:05:06","2023-01-24 05:05:06"
"5220","1312","themes/mensonly/uploads/17_1674536706_product-image-992891912_1024x1024_2x-removebg-preview.png","http://localhost/latest_Ecommarce-dev2/Ecommarce-dev2/themes/mensonly/uploads/17_1674536706_product-image-992891912_1024x1024_2x-removebg-preview.png","mensonly","2023-01-24 05:05:06","2023-01-24 05:05:06"
"5219","1311","themes/mensonly/uploads/92_1674536659_product-image-235601202_1024x1024_2x-removebg-preview.png","http://localhost/latest_Ecommarce-dev2/Ecommarce-dev2/themes/mensonly/uploads/92_1674536659_product-image-235601202_1024x1024_2x-removebg-preview.png","mensonly","2023-01-24 05:04:19","2023-01-24 05:04:19"
"5218","1311","themes/mensonly/uploads/62_1674536659_product-image-235601200_1024x1024_2x-removebg-preview.png","http://localhost/latest_Ecommarce-dev2/Ecommarce-dev2/themes/mensonly/uploads/62_1674536659_product-image-235601200_1024x1024_2x-removebg-preview.png","mensonly","2023-01-24 05:04:19","2023-01-24 05:04:19"
"5217","1311","themes/mensonly/uploads/61_1674536659_product-image-235601195_1024x1024_2x-removebg-preview.png","http://localhost/latest_Ecommarce-dev2/Ecommarce-dev2/themes/mensonly/uploads/61_1674536659_product-image-235601195_1024x1024_2x-removebg-preview.png","mensonly","2023-01-24 05:04:19","2023-01-24 05:04:19"
"5216","1310","themes/mensonly/uploads/49_1674536618_Hdc988d6d28a64e17bdcad6ad43c48f8em_1024x1024_2x-removebg-preview.png","http://localhost/latest_Ecommarce-dev2/Ecommarce-dev2/themes/mensonly/uploads/49_1674536618_Hdc988d6d28a64e17bdcad6ad43c48f8em_1024x1024_2x-removebg-preview.png","mensonly","2023-01-24 05:03:38","2023-01-24 05:03:38"
"5215","1310","themes/mensonly/uploads/40_1674536618_H9fb857726ce5478cb80eb50135e4889c4_1024x1024_2x-removebg-preview.png","http://localhost/latest_Ecommarce-dev2/Ecommarce-dev2/themes/mensonly/uploads/40_1674536618_H9fb857726ce5478cb80eb50135e4889c4_1024x1024_2x-removebg-preview.png","mensonly","2023-01-24 05:03:38","2023-01-24 05:03:38"
"5214","1310","themes/mensonly/uploads/32_1674536618_H9c997f2f3ccc474d8e1fc9fb3a578c69J_1024x1024_2x-removebg-preview.png","http://localhost/latest_Ecommarce-dev2/Ecommarce-dev2/themes/mensonly/uploads/32_1674536618_H9c997f2f3ccc474d8e1fc9fb3a578c69J_1024x1024_2x-removebg-preview.png","mensonly","2023-01-24 05:03:38","2023-01-24 05:03:38"
"5213","1309","themes/mensonly/uploads/51_1674536509_T-BIRDMen_sFashionPremiumQualityLongSleevesHawaiianDressShirt_1024x1024_2x-removebg-preview.png","http://localhost/latest_Ecommarce-dev2/Ecommarce-dev2/themes/mensonly/uploads/51_1674536509_T-BIRDMen_sFashionPremiumQualityLongSleevesHawaiianDressShirt_1024x1024_2x-removebg-preview.png","mensonly","2023-01-24 05:01:49","2023-01-24 05:01:49"
"5212","1309","themes/mensonly/uploads/51_1674536509_product-image-391646533_1024x1024_2x-removebg-preview.png","http://localhost/latest_Ecommarce-dev2/Ecommarce-dev2/themes/mensonly/uploads/51_1674536509_product-image-391646533_1024x1024_2x-removebg-preview.png","mensonly","2023-01-24 05:01:49","2023-01-24 05:01:49"
"5211","1309","themes/mensonly/uploads/41_1674536509_product-image-391646531_1024x1024_2x-removebg-preview.png","http://localhost/latest_Ecommarce-dev2/Ecommarce-dev2/themes/mensonly/uploads/41_1674536509_product-image-391646531_1024x1024_2x-removebg-preview.png","mensonly","2023-01-24 05:01:49","2023-01-24 05:01:49"
"5210","1308","themes/mensonly/uploads/72_1674536474_product-image-247783473_540x-removebg-preview.png","http://localhost/latest_Ecommarce-dev2/Ecommarce-dev2/themes/mensonly/uploads/72_1674536474_product-image-247783473_540x-removebg-preview.png","mensonly","2023-01-24 05:01:14","2023-01-24 05:01:14"
"5209","1308","themes/mensonly/uploads/98_1674536474_product-image-247783472_540x-removebg-preview.png","http://localhost/latest_Ecommarce-dev2/Ecommarce-dev2/themes/mensonly/uploads/98_1674536474_product-image-247783472_540x-removebg-preview.png","mensonly","2023-01-24 05:01:14","2023-01-24 05:01:14"
"5208","1308","themes/mensonly/uploads/62_1674536474_product-image-247783471_540x-removebg-preview.png","http://localhost/latest_Ecommarce-dev2/Ecommarce-dev2/themes/mensonly/uploads/62_1674536474_product-image-247783471_540x-removebg-preview.png","mensonly","2023-01-24 05:01:14","2023-01-24 05:01:14"
"5207","1307","themes/mensonly/uploads/94_1674536423_product-image-1575873728_1024x1024_2x-removebg-preview.png","http://localhost/latest_Ecommarce-dev2/Ecommarce-dev2/themes/mensonly/uploads/94_1674536423_product-image-1575873728_1024x1024_2x-removebg-preview.png","mensonly","2023-01-24 05:00:23","2023-01-24 05:00:23"
"5206","1307","themes/mensonly/uploads/71_1674536423_product-image-1575873724_1024x1024_2x-removebg-preview.png","http://localhost/latest_Ecommarce-dev2/Ecommarce-dev2/themes/mensonly/uploads/71_1674536423_product-image-1575873724_1024x1024_2x-removebg-preview.png","mensonly","2023-01-24 05:00:23","2023-01-24 05:00:23"
"5205","1307","themes/mensonly/uploads/78_1674536423_product-image-1575873721_1024x1024_2x-removebg-preview.png","http://localhost/latest_Ecommarce-dev2/Ecommarce-dev2/themes/mensonly/uploads/78_1674536423_product-image-1575873721_1024x1024_2x-removebg-preview.png","mensonly","2023-01-24 05:00:23","2023-01-24 05:00:23"
"5204","1306","themes/mensonly/uploads/81_1674536377_product-image-1317977303_1024x1024_2x-removebg-preview.png","http://localhost/latest_Ecommarce-dev2/Ecommarce-dev2/themes/mensonly/uploads/81_1674536377_product-image-1317977303_1024x1024_2x-removebg-preview.png","mensonly","2023-01-24 04:59:37","2023-01-24 04:59:37"
"5203","1306","themes/mensonly/uploads/13_1674536377_product-image-1317977302_1024x1024_2x-removebg-preview.png","http://localhost/latest_Ecommarce-dev2/Ecommarce-dev2/themes/mensonly/uploads/13_1674536377_product-image-1317977302_1024x1024_2x-removebg-preview.png","mensonly","2023-01-24 04:59:37","2023-01-24 04:59:37"
"5202","1306","themes/mensonly/uploads/56_1674536377_product-image-1317977300_300x300-removebg-preview.png","http://localhost/latest_Ecommarce-dev2/Ecommarce-dev2/themes/mensonly/uploads/56_1674536377_product-image-1317977300_300x300-removebg-preview.png","mensonly","2023-01-24 04:59:37","2023-01-24 04:59:37"
"5201","1305","themes/mensonly/uploads/71_1674536242_product-image-1616584521_1024x1024_2x-removebg-preview.png","http://localhost/latest_Ecommarce-dev2/Ecommarce-dev2/themes/mensonly/uploads/71_1674536242_product-image-1616584521_1024x1024_2x-removebg-preview.png","mensonly","2023-01-24 04:57:22","2023-01-24 04:57:22"
"5200","1305","themes/mensonly/uploads/65_1674536242_product-image-1616584520_1024x1024_2x-removebg-preview.png","http://localhost/latest_Ecommarce-dev2/Ecommarce-dev2/themes/mensonly/uploads/65_1674536242_product-image-1616584520_1024x1024_2x-removebg-preview.png","mensonly","2023-01-24 04:57:22","2023-01-24 04:57:22"
"5199","1305","themes/mensonly/uploads/34_1674536242_product-image-1616584517_1024x1024_2x-removebg-preview.png","http://localhost/latest_Ecommarce-dev2/Ecommarce-dev2/themes/mensonly/uploads/34_1674536242_product-image-1616584517_1024x1024_2x-removebg-preview.png","mensonly","2023-01-24 04:57:22","2023-01-24 04:57:22"
"5198","1301","themes/mensonly/uploads/57_1674532369_product-image-343911476_1024x1024_2x-removebg-preview.png","http://localhost/latest_Ecommarce-dev2/Ecommarce-dev2/themes/mensonly/uploads/57_1674532369_product-image-343911476_1024x1024_2x-removebg-preview.png","mensonly","2023-01-24 03:52:49","2023-01-24 03:52:49"
"5197","1302","themes/mensonly/uploads/63_1674532360_product-image-1807470378_1024x1024_2x-removebg-preview.png","http://localhost/latest_Ecommarce-dev2/Ecommarce-dev2/themes/mensonly/uploads/63_1674532360_product-image-1807470378_1024x1024_2x-removebg-preview.png","mensonly","2023-01-24 03:52:40","2023-01-24 03:52:40"
"5196","1302","themes/mensonly/uploads/11_1674532360_product-image-1807470377_1024x1024_2x-removebg-preview.png","http://localhost/latest_Ecommarce-dev2/Ecommarce-dev2/themes/mensonly/uploads/11_1674532360_product-image-1807470377_1024x1024_2x-removebg-preview.png","mensonly","2023-01-24 03:52:40","2023-01-24 03:52:40"
"5195","1302","themes/mensonly/uploads/40_1674532360_product-image-1807470376_1024x1024_2x-removebg-preview.png","http://localhost/latest_Ecommarce-dev2/Ecommarce-dev2/themes/mensonly/uploads/40_1674532360_product-image-1807470376_1024x1024_2x-removebg-preview.png","mensonly","2023-01-24 03:52:40","2023-01-24 03:52:40"
"5194","1303","themes/mensonly/uploads/27_1674532349_product-image-1407960488_1024x1024_2x-removebg-preview.png","http://localhost/latest_Ecommarce-dev2/Ecommarce-dev2/themes/mensonly/uploads/27_1674532349_product-image-1407960488_1024x1024_2x-removebg-preview.png","mensonly","2023-01-24 03:52:29","2023-01-24 03:52:29"
"5193","1303","themes/mensonly/uploads/96_1674532349_product-image-1407960485_1024x1024_2x-removebg-preview.png","http://localhost/latest_Ecommarce-dev2/Ecommarce-dev2/themes/mensonly/uploads/96_1674532349_product-image-1407960485_1024x1024_2x-removebg-preview.png","mensonly","2023-01-24 03:52:29","2023-01-24 03:52:29"
"5192","1304","themes/mensonly/uploads/75_1674532340_product-image-525330270_1024x1024_2x-removebg-preview.png","http://localhost/latest_Ecommarce-dev2/Ecommarce-dev2/themes/mensonly/uploads/75_1674532340_product-image-525330270_1024x1024_2x-removebg-preview.png","mensonly","2023-01-24 03:52:20","2023-01-24 03:52:20"
"5191","1304","themes/mensonly/uploads/83_1674532340_product-image-525330266_1024x1024_2x-removebg-preview.png","http://localhost/latest_Ecommarce-dev2/Ecommarce-dev2/themes/mensonly/uploads/83_1674532340_product-image-525330266_1024x1024_2x-removebg-preview.png","mensonly","2023-01-24 03:52:20","2023-01-24 03:52:20"
"5190","1304","themes/mensonly/uploads/66_1674532340_product-image-525330263_1024x1024_2x-removebg-preview.png","http://localhost/latest_Ecommarce-dev2/Ecommarce-dev2/themes/mensonly/uploads/66_1674532340_product-image-525330263_1024x1024_2x-removebg-preview.png","mensonly","2023-01-24 03:52:20","2023-01-24 03:52:20"
