"1","Contactus","contactus","<p>Lorem Ipsum is simply dummy text of the printing and typesetting industry.  Lorem Ipsum has been the industry's standard dummy text ever since the 1500s, when an unknown.</p>","NULL","{""call"":null,""email"":""shop@company.com"",""address"":""1093 Marigold Lane,\r\nCoral Way, Miami,\r\nFlorida, 33169""}","1","fixed_page","chocolate","2023-01-19 12:19:15","2023-01-19 12:19:15"
"2","About","about","Lorem Ipsum is simply dummy text of the printing and typesetting industLorem Ipsum has been the industry's standard dummy text ever since the 1500s, when an unknown....","<p><span style=""font-size: 36pt;""><strong>About Our Shop</strong></span></p>
<p>Vestibulum ante ipsum primis in faucibus orci luctus et ultrices posuere cubilia Curae; Donec velit neque, auctor sit amet aliquam vel, ullamcorper sit amet ligula. Curabitur aliquet quam id dui posuere blandit. Proin eget tortor risus. Vestibulum ante ipsum primis in faucibus orci luctus et ultrices posuere cubilia Curae; Donec velit neque, auctor sit amet aliquam vel, ullamcorper sit amet ligula. Nulla porttitor accumsan tincidunt. Vivamus magna justo, lacinia eget consectetur sed, convallis at tellus. Lorem ipsum dolor sit amet, consectetur adipiscing elit. Vivamus magna justo, lacinia eget consectetur sed, convallis at tellus. Vestibulum ante ipsum primis in faucibus orci luctus et ultrices posuere cubilia Curae; Donec velit neque, auctor sit amet aliquam vel, ullamcorper sit amet ligula. Quisque velit nisi, pretium ut lacinia in, elementum id enim. Nulla quis lorem ut libero malesuada feugiat. Cras ultricies ligula sed magna dictum porta. Curabitur non nulla sit amet nisl tempus convallis quis ac lectus.</p>
<p>&nbsp;</p>
<p>Vivamus magna justo, lacinia eget consectetur sed, convallis at tellus. Curabitur non nulla sit amet nisl tempus convallis quis ac lectus. Nulla quis lorem ut libero malesuada feugiat. Curabitur non nulla sit amet nisl tempus convallis quis ac lectus. Nulla quis lorem ut libero malesuada feugiat. Nulla porttitor accumsan tincidunt. Praesent sapien massa, convallis a pellentesque nec, egestas non nisi. Mauris blandit aliquet elit, eget tincidunt nibh pulvinar a. Cras ultricies ligula sed magna dictum porta. Quisque velit nisi, pretium ut lacinia in, elementum id enim. Mauris blandit aliquet elit, eget tincidunt nibh pulvinar a. Quisque velit nisi, pretium ut lacinia in, elementum id enim. Curabitur arcu erat, accumsan id imperdiet et, porttitor at sem.</p>
<p>&nbsp;</p>
<p>Donec sollicitudin molestie malesuada. Curabitur arcu erat, accumsan id imperdiet et, porttitor at sem. Nulla porttitor accumsan tincidunt. Donec rutrum congue leo eget malesuada. Proin eget tortor risus. Pellentesque in ipsum id orci porta dapibus. Proin eget tortor risus. Nulla porttitor accumsan tincidunt. Quisque velit nisi, pretium ut lacinia in, elementum id enim. Proin eget tortor risus. Proin eget tortor risus. Nulla quis lorem ut libero malesuada feugiat. Proin eget tortor risus.</p>
<p>&nbsp;</p>
<p>Curabitur non nulla sit amet nisl tempus convallis quis ac lectus. Pellentesque in ipsum id orci porta dapibus. Vivamus suscipit tortor eget felis porttitor volutpat. Vestibulum ac diam sit amet quam vehicula elementum sed sit amet dui. Vestibulum ante ipsum primis in faucibus orci luctus et ultrices posuere cubilia Curae; Donec velit neque, auctor sit amet aliquam vel, ullamcorper sit amet ligula. Quisque velit nisi, pretium ut lacinia in, elementum id enim. Curabitur arcu erat, accumsan id imperdiet et, porttitor at sem. Donec rutrum congue leo eget malesuada. Donec rutrum congue leo eget malesuada. Donec rutrum congue leo eget malesuada. Donec sollicitudin molestie malesuada. Vestibulum ante ipsum primis in faucibus orci luctus et ultrices posuere cubilia Curae; Donec velit neque, auctor sit amet aliquam vel, ullamcorper sit amet ligula. Vivamus suscipit tortor eget felis porttitor volutpat.</p>
<p>&nbsp;</p>"," ","1","fixed_page","chocolate","2023-01-19 12:19:15","2023-01-20 09:50:06"
"3","Privacy Policy","privacy-policy","Lorem Ipsum is simply dummy text of the printing and typesetting industry. Lorem Ipsum has been the industry's standard dummy text ever since the 1500s, when an unknown....","<h1 style=""box-sizing: border-box; -webkit-tap-highlight-color: transparent; text-decoration-line: inherit; vertical-align: baseline; margin: 0px 0px 15px; padding: 0px; font-size: 14px; list-style: none; font-family: Poppins, sans-serif;""><span style=""font-size: 36pt;""><em><strong>Privacy Policy</strong></em></span></h1>
<p style=""box-sizing: border-box; -webkit-tap-highlight-color: transparent; text-decoration-line: inherit; vertical-align: baseline; margin: 0px 0px 15px; padding: 0px; font-size: 14px; list-style: none; font-family: Poppins, sans-serif;"">Lorem Ipsum is simply dummy text of the printing and typesetting industry. Lorem Ipsum has been the industry's standard dummy text ever since the 1500s, when an unknown printer took a galley of type and scrambled it to make a type specimen book. It has survived not only five centuries, but also the leap into electronic typesetting, remaining essentially unchanged. It was popularised in the 1960s with the release of Letraset sheets containing Lorem Ipsum passages, and more recently with desktop publishing software like Aldus PageMaker including versions of Lorem Ipsum.Lorem</p>
<p style=""box-sizing: border-box; -webkit-tap-highlight-color: transparent; text-decoration-line: inherit; vertical-align: baseline; margin: 0px; padding: 0px; font-size: 14px; list-style: none; font-family: Poppins, sans-serif;"">Ipsum is simply dummy text of the printing and typesetting industry. Lorem Ipsum has been the industry's standard dummy text ever since the 1500s, when an unknown printer took a galley of type and scrambled it to make a type specimen book. It has survived not only five centuries, but also the leap into electronic typesetting, remaining essentially unchanged. It was popularised in the 1960s with the release of Letraset sheets containing Lorem Ipsum passages.<span style=""text-decoration-line: inherit;"">Lorem Ipsum is simply dummy text of the printing and typesetting industry. Lorem Ipsum has been the industry's standard dummy text ever since the 1500s, when an unknown printer took a galley of type and scrambled it to make a type specimen book. It has survived not only five centuries, but also the leap into electronic typesetting, remaining essentially unchanged. It was popularised in the 1960s with the release of Letraset sheets containing Lorem Ipsum passages, and more recently with desktop publishing software like Aldus PageMaker including versions of Lorem Ipsum.Lorem</span></p>
<p style=""box-sizing: border-box; -webkit-tap-highlight-color: transparent; text-decoration-line: inherit; vertical-align: baseline; margin: 0px; padding: 0px; font-size: 14px; list-style: none; font-family: Poppins, sans-serif;"">Ipsum is simply dummy text of the printing and typesetting industry. Lorem Ipsum has been the industry's standard dummy text ever since the 1500s, when an unknown printer took a galley of type and scrambled it to make a type specimen book. It has survived not only five centuries, but also the leap into electronic typesetting, remaining essentially unchanged. It was popularised in the 1960s with the release of Letraset sheets containing Lorem Ipsum passages.<span style=""text-decoration-line: inherit;"">Lorem Ipsum is simply dummy text of the printing and typesetting industry. Lorem Ipsum has been the industry's standard dummy text ever since the 1500s, when an unknown printer took a galley of type and scrambled it to make a type specimen book. It has survived not only five centuries, but also the leap into electronic typesetting, remaining essentially unchanged. It was popularised in the 1960s with the release of Letraset sheets containing Lorem Ipsum passages, and more recently with desktop publishing software like Aldus PageMaker including versions of Lorem Ipsum.Lorem</span></p>
<p style=""box-sizing: border-box; -webkit-tap-highlight-color: transparent; text-decoration-line: inherit; vertical-align: baseline; margin: 0px; padding: 0px; font-size: 14px; list-style: none; font-family: Poppins, sans-serif;"">Ipsum is simply dummy text of the printing and typesetting industry. Lorem Ipsum has been the industry's standard dummy text ever since the 1500s, when an unknown printer took a galley of type and scrambled it to make a type specimen book. It has survived not only five centuries, but also the leap into electronic typesetting, remaining essentially unchanged. It was popularised in the 1960s with the release of Letraset sheets containing Lorem Ipsum passages.</p>"," ","1","fixed_page","chocolate","2023-01-19 12:19:15","2023-01-19 12:19:15"
"4","Terms and conditions","terms-and-conditions","Terms & Conditions","<p style=""box-sizing: border-box; -webkit-tap-highlight-color: transparent; text-decoration-line: inherit; vertical-align: baseline; margin: 0px 0px 15px; padding: 0px; font-size: 14px; list-style: none; font-family: Poppins, sans-serif;"">Lorem Ipsum is simply dummy text of the printing and typesetting industry. Lorem Ipsum has been the industry's standard dummy text ever since the 1500s, when an unknown printer took a galley of type and scrambled it to make a type specimen book. It has survived not only five centuries, but also the leap into electronic typesetting, remaining essentially unchanged. It was popularised in the 1960s with the release of Letraset sheets containing Lorem Ipsum passages, and more recently with desktop publishing software like Aldus PageMaker including versions of Lorem Ipsum.Lorem</p>
<p style=""box-sizing: border-box; -webkit-tap-highlight-color: transparent; text-decoration-line: inherit; vertical-align: baseline; margin: 0px; padding: 0px; font-size: 14px; list-style: none; font-family: Poppins, sans-serif;"">Ipsum is simply dummy text of the printing and typesetting industry. Lorem Ipsum has been the industry's standard dummy text ever since the 1500s, when an unknown printer took a galley of type and scrambled it to make a type specimen book. It has survived not only five centuries, but also the leap into electronic typesetting, remaining essentially unchanged. It was popularised in the 1960s with the release of Letraset sheets containing Lorem Ipsum passages.</p>"," ","1","fixed_page","chocolate","2023-01-19 12:19:15","2023-01-19 12:19:15"
"5","Refund Policy","refund-policy","Refund policy","<h1 style=""box-sizing: border-box; -webkit-tap-highlight-color: transparent; text-decoration-line: inherit; vertical-align: baseline; margin: 0px 0px 15px; padding: 0px; font-size: 14px; list-style: none; font-family: Poppins, sans-serif;""><span style=""font-size: 36pt;""><em>Refund Policy</em></span></h1>
<p style=""box-sizing: border-box; -webkit-tap-highlight-color: transparent; text-decoration-line: inherit; vertical-align: baseline; margin: 0px 0px 15px; padding: 0px; font-size: 14px; list-style: none; font-family: Poppins, sans-serif;"">Lorem Ipsum is simply dummy text of the printing and typesetting industry. Lorem Ipsum has been the industry's standard dummy text ever since the 1500s, when an unknown printer took a galley of type and scrambled it to make a type specimen book. It has survived not only five centuries, but also the leap into electronic typesetting, remaining essentially unchanged. It was popularised in the 1960s with the release of Letraset sheets containing Lorem Ipsum passages, and more recently with desktop publishing software like Aldus PageMaker including versions of Lorem Ipsum.Lorem</p>
<p style=""box-sizing: border-box; -webkit-tap-highlight-color: transparent; text-decoration-line: inherit; vertical-align: baseline; margin: 0px; padding: 0px; font-size: 14px; list-style: none; font-family: Poppins, sans-serif;"">Ipsum is simply dummy text of the printing and typesetting industry. Lorem Ipsum has been the industry's standard dummy text ever since the 1500s, when an unknown printer took a galley of type and scrambled it to make a type specimen book. It has survived not only five centuries, but also the leap into electronic typesetting, remaining essentially unchanged. It was popularised in the 1960s with the release of Letraset sheets containing Lorem Ipsum passages.<span style=""text-decoration-line: inherit;"">Lorem Ipsum is simply dummy text of the printing and typesetting industry. Lorem Ipsum has been the industry's standard dummy text ever since the 1500s, when an unknown printer took a galley of type and scrambled it to make a type specimen book. It has survived not only five centuries, but also the leap into electronic typesetting, remaining essentially unchanged. It was popularised in the 1960s with the release of Letraset sheets containing Lorem Ipsum passages, and more recently with desktop publishing software like Aldus PageMaker including versions of Lorem Ipsum.Lorem</span></p>
<p style=""box-sizing: border-box; -webkit-tap-highlight-color: transparent; text-decoration-line: inherit; vertical-align: baseline; margin: 0px; padding: 0px; font-size: 14px; list-style: none; font-family: Poppins, sans-serif;"">Ipsum is simply dummy text of the printing and typesetting industry. Lorem Ipsum has been the industry's standard dummy text ever since the 1500s, when an unknown printer took a galley of type and scrambled it to make a type specimen book. It has survived not only five centuries, but also the leap into electronic typesetting, remaining essentially unchanged. It was popularised in the 1960s with the release of Letraset sheets containing Lorem Ipsum passages.<span style=""text-decoration-line: inherit;"">Lorem Ipsum is simply dummy text of the printing and typesetting industry. Lorem Ipsum has been the industry's standard dummy text ever since the 1500s, when an unknown printer took a galley of type and scrambled it to make a type specimen book. It has survived not only five centuries, but also the leap into electronic typesetting, remaining essentially unchanged. It was popularised in the 1960s with the release of Letraset sheets containing Lorem Ipsum passages, and more recently with desktop publishing software like Aldus PageMaker including versions of Lorem Ipsum.Lorem</span></p>
<p style=""box-sizing: border-box; -webkit-tap-highlight-color: transparent; text-decoration-line: inherit; vertical-align: baseline; margin: 0px; padding: 0px; font-size: 14px; list-style: none; font-family: Poppins, sans-serif;"">Ipsum is simply dummy text of the printing and typesetting industry. Lorem Ipsum has been the industry's standard dummy text ever since the 1500s, when an unknown printer took a galley of type and scrambled it to make a type specimen book. It has survived not only five centuries, but also the leap into electronic typesetting, remaining essentially unchanged. It was popularised in the 1960s with the release of Letraset sheets containing Lorem Ipsum passages.</p>"," ","1","fixed_page","chocolate","2023-01-19 12:19:15","2023-01-19 12:19:15"
