"3263","573","themes/menswear/uploads/0620221107_1667815939.png","https://apps.rajodiya.com/ecommerce/themes/menswear/uploads/0620221107_1667815939.png","mensfashionmobileapp","2023-01-19 07:30:17","2023-01-19 07:30:17"
"3264","573","themes/menswear/uploads/05620221107_1667815939.png","https://apps.rajodiya.com/ecommerce/themes/menswear/uploads/05620221107_1667815939.png","mensfashionmobileapp","2023-01-19 07:30:17","2023-01-19 07:30:17"
"3265","574","themes/menswear/uploads/07120221107_1667815989.png","https://apps.rajodiya.com/ecommerce/themes/menswear/uploads/07120221107_1667815989.png","mensfashionmobileapp","2023-01-19 07:30:17","2023-01-19 07:30:17"
"3266","574","themes/menswear/uploads/07220221107_1667815989.png","https://apps.rajodiya.com/ecommerce/themes/menswear/uploads/07220221107_1667815989.png","mensfashionmobileapp","2023-01-19 07:30:17","2023-01-19 07:30:17"
"3267","574","themes/menswear/uploads/01520221107_1667815989.png","https://apps.rajodiya.com/ecommerce/themes/menswear/uploads/01520221107_1667815989.png","mensfashionmobileapp","2023-01-19 07:30:17","2023-01-19 07:30:17"
"3268","575","themes/menswear/uploads/02320221107_1667816034.png","https://apps.rajodiya.com/ecommerce/themes/menswear/uploads/02320221107_1667816034.png","mensfashionmobileapp","2023-01-19 07:30:17","2023-01-19 07:30:17"
"3269","575","themes/menswear/uploads/05720221107_1667816034.png","https://apps.rajodiya.com/ecommerce/themes/menswear/uploads/05720221107_1667816034.png","mensfashionmobileapp","2023-01-19 07:30:17","2023-01-19 07:30:17"
"3270","576","themes/menswear/uploads/03020221107_1667816062.png","https://apps.rajodiya.com/ecommerce/themes/menswear/uploads/03020221107_1667816062.png","mensfashionmobileapp","2023-01-19 07:30:17","2023-01-19 07:30:17"
"3271","576","themes/menswear/uploads/08820221107_1667816062.png","https://apps.rajodiya.com/ecommerce/themes/menswear/uploads/08820221107_1667816062.png","mensfashionmobileapp","2023-01-19 07:30:17","2023-01-19 07:30:17"
"3272","577","themes/menswear/uploads/05220221107_1667816128.png","https://apps.rajodiya.com/ecommerce/themes/menswear/uploads/05220221107_1667816128.png","mensfashionmobileapp","2023-01-19 07:30:17","2023-01-19 07:30:17"
"3273","577","themes/menswear/uploads/010020221107_1667816128.png","https://apps.rajodiya.com/ecommerce/themes/menswear/uploads/010020221107_1667816128.png","mensfashionmobileapp","2023-01-19 07:30:17","2023-01-19 07:30:17"
"3274","577","themes/menswear/uploads/06320221107_1667816128.png","https://apps.rajodiya.com/ecommerce/themes/menswear/uploads/06320221107_1667816128.png","mensfashionmobileapp","2023-01-19 07:30:17","2023-01-19 07:30:17"
"3275","578","themes/menswear/uploads/02520221107_1667816164.png","https://apps.rajodiya.com/ecommerce/themes/menswear/uploads/02520221107_1667816164.png","mensfashionmobileapp","2023-01-19 07:30:17","2023-01-19 07:30:17"
"3276","578","themes/menswear/uploads/08320221107_1667816164.png","https://apps.rajodiya.com/ecommerce/themes/menswear/uploads/08320221107_1667816164.png","mensfashionmobileapp","2023-01-19 07:30:17","2023-01-19 07:30:17"
"3277","579","themes/menswear/uploads/0820221107_1667816253.png","https://apps.rajodiya.com/ecommerce/themes/menswear/uploads/0820221107_1667816253.png","mensfashionmobileapp","2023-01-19 07:30:17","2023-01-19 07:30:17"
"3278","579","themes/menswear/uploads/02020221107_1667816253.png","https://apps.rajodiya.com/ecommerce/themes/menswear/uploads/02020221107_1667816253.png","mensfashionmobileapp","2023-01-19 07:30:17","2023-01-19 07:30:17"
"3279","580","themes/menswear/uploads/04720221107_1667816299.png","https://apps.rajodiya.com/ecommerce/themes/menswear/uploads/04720221107_1667816299.png","mensfashionmobileapp","2023-01-19 07:30:17","2023-01-19 07:30:17"
"3280","580","themes/menswear/uploads/01720221107_1667816299.png","https://apps.rajodiya.com/ecommerce/themes/menswear/uploads/01720221107_1667816299.png","mensfashionmobileapp","2023-01-19 07:30:17","2023-01-19 07:30:17"
"3281","580","themes/menswear/uploads/0220221107_1667816299.png","https://apps.rajodiya.com/ecommerce/themes/menswear/uploads/0220221107_1667816299.png","mensfashionmobileapp","2023-01-19 07:30:17","2023-01-19 07:30:17"
"3284","581","themes/menswear/uploads/08220221107_1667816349.png","https://apps.rajodiya.com/ecommerce/themes/menswear/uploads/08220221107_1667816349.png","mensfashionmobileapp","2023-01-19 07:30:17","2023-01-19 07:30:17"
"3285","581","themes/menswear/uploads/02220221107_1667816349.png","https://apps.rajodiya.com/ecommerce/themes/menswear/uploads/02220221107_1667816349.png","mensfashionmobileapp","2023-01-19 07:30:17","2023-01-19 07:30:17"
"3286","582","themes/menswear/uploads/09520221107_1667816380.png","https://apps.rajodiya.com/ecommerce/themes/menswear/uploads/09520221107_1667816380.png","mensfashionmobileapp","2023-01-19 07:30:17","2023-01-19 07:30:17"
"3287","582","themes/menswear/uploads/07020221107_1667816380.png","https://apps.rajodiya.com/ecommerce/themes/menswear/uploads/07020221107_1667816380.png","mensfashionmobileapp","2023-01-19 07:30:17","2023-01-19 07:30:17"
"3288","583","themes/menswear/uploads/02420221107_1667816449.png","https://apps.rajodiya.com/ecommerce/themes/menswear/uploads/02420221107_1667816449.png","mensfashionmobileapp","2023-01-19 07:30:17","2023-01-19 07:30:17"
"3289","583","themes/menswear/uploads/03320221107_1667816449.png","https://apps.rajodiya.com/ecommerce/themes/menswear/uploads/03320221107_1667816449.png","mensfashionmobileapp","2023-01-19 07:30:17","2023-01-19 07:30:17"
"3290","584","themes/menswear/uploads/08520221107_1667816524.png","https://apps.rajodiya.com/ecommerce/themes/menswear/uploads/08520221107_1667816524.png","mensfashionmobileapp","2023-01-19 07:30:17","2023-01-19 07:30:17"
"3291","584","themes/menswear/uploads/02820221107_1667816524.png","https://apps.rajodiya.com/ecommerce/themes/menswear/uploads/02820221107_1667816524.png","mensfashionmobileapp","2023-01-19 07:30:17","2023-01-19 07:30:17"
"3292","585","themes/menswear/uploads/08120221107_1667816560.png","https://apps.rajodiya.com/ecommerce/themes/menswear/uploads/08120221107_1667816560.png","mensfashionmobileapp","2023-01-19 07:30:17","2023-01-19 07:30:17"
"3293","585","themes/menswear/uploads/01620221107_1667816560.png","https://apps.rajodiya.com/ecommerce/themes/menswear/uploads/01620221107_1667816560.png","mensfashionmobileapp","2023-01-19 07:30:17","2023-01-19 07:30:17"
"3294","586","themes/menswear/uploads/0720221107_1667816593.png","https://apps.rajodiya.com/ecommerce/themes/menswear/uploads/0720221107_1667816593.png","mensfashionmobileapp","2023-01-19 07:30:17","2023-01-19 07:30:17"
"3295","586","themes/menswear/uploads/06720221107_1667816593.png","https://apps.rajodiya.com/ecommerce/themes/menswear/uploads/06720221107_1667816593.png","mensfashionmobileapp","2023-01-19 07:30:17","2023-01-19 07:30:17"
"3296","587","themes/menswear/uploads/04220221107_1667816643.png","https://apps.rajodiya.com/ecommerce/themes/menswear/uploads/04220221107_1667816643.png","mensfashionmobileapp","2023-01-19 07:30:17","2023-01-19 07:30:17"
"3297","587","themes/menswear/uploads/02120221107_1667816643.png","https://apps.rajodiya.com/ecommerce/themes/menswear/uploads/02120221107_1667816643.png","mensfashionmobileapp","2023-01-19 07:30:17","2023-01-19 07:30:17"
"3298","588","themes/menswear/uploads/02920221107_1667816670.png","https://apps.rajodiya.com/ecommerce/themes/menswear/uploads/02920221107_1667816670.png","mensfashionmobileapp","2023-01-19 07:30:17","2023-01-19 07:30:17"
"3299","588","themes/menswear/uploads/08920221107_1667816670.png","https://apps.rajodiya.com/ecommerce/themes/menswear/uploads/08920221107_1667816670.png","mensfashionmobileapp","2023-01-19 07:30:17","2023-01-19 07:30:17"
"3300","589","themes/menswear/uploads/08320221107_1667816706.png","https://apps.rajodiya.com/ecommerce/themes/menswear/uploads/08320221107_1667816706.png","mensfashionmobileapp","2023-01-19 07:30:17","2023-01-19 07:30:17"
"3301","589","themes/menswear/uploads/03120221107_1667816706.png","https://apps.rajodiya.com/ecommerce/themes/menswear/uploads/03120221107_1667816706.png","mensfashionmobileapp","2023-01-19 07:30:17","2023-01-19 07:30:17"
"3302","590","themes/menswear/uploads/09020221107_1667816752.png","https://apps.rajodiya.com/ecommerce/themes/menswear/uploads/09020221107_1667816752.png","mensfashionmobileapp","2023-01-19 07:30:17","2023-01-19 07:30:17"
"3303","590","themes/menswear/uploads/06920221107_1667816752.png","https://apps.rajodiya.com/ecommerce/themes/menswear/uploads/06920221107_1667816752.png","mensfashionmobileapp","2023-01-19 07:30:17","2023-01-19 07:30:17"
"3304","591","themes/menswear/uploads/09920221107_1667816778.png","https://apps.rajodiya.com/ecommerce/themes/menswear/uploads/09920221107_1667816778.png","mensfashionmobileapp","2023-01-19 07:30:17","2023-01-19 07:30:17"
"3305","591","themes/menswear/uploads/05020221107_1667816778.png","https://apps.rajodiya.com/ecommerce/themes/menswear/uploads/05020221107_1667816778.png","mensfashionmobileapp","2023-01-19 07:30:17","2023-01-19 07:30:17"
"3306","592","themes/menswear/uploads/08820221107_1667816808.png","https://apps.rajodiya.com/ecommerce/themes/menswear/uploads/08820221107_1667816808.png","mensfashionmobileapp","2023-01-19 07:30:17","2023-01-19 07:30:17"
"3307","592","themes/menswear/uploads/04520221107_1667816808.png","https://apps.rajodiya.com/ecommerce/themes/menswear/uploads/04520221107_1667816808.png","mensfashionmobileapp","2023-01-19 07:30:17","2023-01-19 07:30:17"
"3308","593","themes/menswear/uploads/01920221107_1667816848.png","https://apps.rajodiya.com/ecommerce/themes/menswear/uploads/01920221107_1667816848.png","mensfashionmobileapp","2023-01-19 07:30:17","2023-01-19 07:30:17"
"3309","593","themes/menswear/uploads/02820221107_1667816848.png","https://apps.rajodiya.com/ecommerce/themes/menswear/uploads/02820221107_1667816848.png","mensfashionmobileapp","2023-01-19 07:30:17","2023-01-19 07:30:17"
"3310","594","themes/menswear/uploads/05120221107_1667816904.png","https://apps.rajodiya.com/ecommerce/themes/menswear/uploads/05120221107_1667816904.png","mensfashionmobileapp","2023-01-19 07:30:17","2023-01-19 07:30:17"
"3311","594","themes/menswear/uploads/09420221107_1667816904.png","https://apps.rajodiya.com/ecommerce/themes/menswear/uploads/09420221107_1667816904.png","mensfashionmobileapp","2023-01-19 07:30:17","2023-01-19 07:30:17"
"3312","595","themes/menswear/uploads/06020221107_1667816932.png","https://apps.rajodiya.com/ecommerce/themes/menswear/uploads/06020221107_1667816932.png","mensfashionmobileapp","2023-01-19 07:30:17","2023-01-19 07:30:17"
"3313","595","themes/menswear/uploads/0520221107_1667816932.png","https://apps.rajodiya.com/ecommerce/themes/menswear/uploads/0520221107_1667816932.png","mensfashionmobileapp","2023-01-19 07:30:17","2023-01-19 07:30:17"
"3314","596","themes/menswear/uploads/09420221107_1667816959.png","https://apps.rajodiya.com/ecommerce/themes/menswear/uploads/09420221107_1667816959.png","mensfashionmobileapp","2023-01-19 07:30:17","2023-01-19 07:30:17"
"3315","596","themes/menswear/uploads/09520221107_1667816959.png","https://apps.rajodiya.com/ecommerce/themes/menswear/uploads/09520221107_1667816959.png","mensfashionmobileapp","2023-01-19 07:30:17","2023-01-19 07:30:17"
"3316","597","themes/menswear/uploads/0820221107_1667817011.png","https://apps.rajodiya.com/ecommerce/themes/menswear/uploads/0820221107_1667817011.png","mensfashionmobileapp","2023-01-19 07:30:17","2023-01-19 07:30:17"
"3317","597","themes/menswear/uploads/09820221107_1667817011.png","https://apps.rajodiya.com/ecommerce/themes/menswear/uploads/09820221107_1667817011.png","mensfashionmobileapp","2023-01-19 07:30:17","2023-01-19 07:30:17"
"3318","598","themes/menswear/uploads/08620221107_1667817038.png","https://apps.rajodiya.com/ecommerce/themes/menswear/uploads/08620221107_1667817038.png","mensfashionmobileapp","2023-01-19 07:30:17","2023-01-19 07:30:17"
"3319","598","themes/menswear/uploads/06820221107_1667817038.png","https://apps.rajodiya.com/ecommerce/themes/menswear/uploads/06820221107_1667817038.png","mensfashionmobileapp","2023-01-19 07:30:17","2023-01-19 07:30:17"
"3320","599","themes/menswear/uploads/04120221107_1667817267.png","https://apps.rajodiya.com/ecommerce/themes/menswear/uploads/04120221107_1667817267.png","mensfashionmobileapp","2023-01-19 07:30:17","2023-01-19 07:30:17"
"3321","599","themes/menswear/uploads/04220221107_1667817267.png","https://apps.rajodiya.com/ecommerce/themes/menswear/uploads/04220221107_1667817267.png","mensfashionmobileapp","2023-01-19 07:30:17","2023-01-19 07:30:17"
"3322","600","themes/menswear/uploads/08020221107_1667817291.png","https://apps.rajodiya.com/ecommerce/themes/menswear/uploads/08020221107_1667817291.png","mensfashionmobileapp","2023-01-19 07:30:17","2023-01-19 07:30:17"
"3323","600","themes/menswear/uploads/06920221107_1667817291.png","https://apps.rajodiya.com/ecommerce/themes/menswear/uploads/06920221107_1667817291.png","mensfashionmobileapp","2023-01-19 07:30:17","2023-01-19 07:30:17"
"3324","601","themes/menswear/uploads/0020221107_1667817470.png","https://apps.rajodiya.com/ecommerce/themes/menswear/uploads/0020221107_1667817470.png","mensfashionmobileapp","2023-01-19 07:30:17","2023-01-19 07:30:17"
"3325","601","themes/menswear/uploads/01320221107_1667817470.png","https://apps.rajodiya.com/ecommerce/themes/menswear/uploads/01320221107_1667817470.png","mensfashionmobileapp","2023-01-19 07:30:17","2023-01-19 07:30:17"
"3326","601","themes/menswear/uploads/03420221107_1667817470.png","https://apps.rajodiya.com/ecommerce/themes/menswear/uploads/03420221107_1667817470.png","mensfashionmobileapp","2023-01-19 07:30:17","2023-01-19 07:30:17"
"3327","602","themes/menswear/uploads/01120221107_1667817516.png","https://apps.rajodiya.com/ecommerce/themes/menswear/uploads/01120221107_1667817516.png","mensfashionmobileapp","2023-01-19 07:30:17","2023-01-19 07:30:17"
"3328","602","themes/menswear/uploads/0320221107_1667817516.png","https://apps.rajodiya.com/ecommerce/themes/menswear/uploads/0320221107_1667817516.png","mensfashionmobileapp","2023-01-19 07:30:17","2023-01-19 07:30:17"
"3329","603","themes/menswear/uploads/05320221107_1667817554.png","https://apps.rajodiya.com/ecommerce/themes/menswear/uploads/05320221107_1667817554.png","mensfashionmobileapp","2023-01-19 07:30:17","2023-01-19 07:30:17"
"3330","603","themes/menswear/uploads/07820221107_1667817554.png","https://apps.rajodiya.com/ecommerce/themes/menswear/uploads/07820221107_1667817554.png","mensfashionmobileapp","2023-01-19 07:30:17","2023-01-19 07:30:17"
"3331","604","themes/menswear/uploads/07820221107_1667817598.png","https://apps.rajodiya.com/ecommerce/themes/menswear/uploads/07820221107_1667817598.png","mensfashionmobileapp","2023-01-19 07:30:17","2023-01-19 07:30:17"
"3332","604","themes/menswear/uploads/0620221107_1667817598.png","https://apps.rajodiya.com/ecommerce/themes/menswear/uploads/0620221107_1667817598.png","mensfashionmobileapp","2023-01-19 07:30:17","2023-01-19 07:30:17"
"3333","605","themes/menswear/uploads/02320221107_1667817624.png","https://apps.rajodiya.com/ecommerce/themes/menswear/uploads/02320221107_1667817624.png","mensfashionmobileapp","2023-01-19 07:30:17","2023-01-19 07:30:17"
"3334","605","themes/menswear/uploads/03020221107_1667817624.png","https://apps.rajodiya.com/ecommerce/themes/menswear/uploads/03020221107_1667817624.png","mensfashionmobileapp","2023-01-19 07:30:17","2023-01-19 07:30:17"
"3335","606","themes/menswear/uploads/07920221107_1667817652.png","https://apps.rajodiya.com/ecommerce/themes/menswear/uploads/07920221107_1667817652.png","mensfashionmobileapp","2023-01-19 07:30:17","2023-01-19 07:30:17"
"3336","606","themes/menswear/uploads/01820221107_1667817652.png","https://apps.rajodiya.com/ecommerce/themes/menswear/uploads/01820221107_1667817652.png","mensfashionmobileapp","2023-01-19 07:30:17","2023-01-19 07:30:17"
"3337","607","themes/menswear/uploads/03520221107_1667817680.png","https://apps.rajodiya.com/ecommerce/themes/menswear/uploads/03520221107_1667817680.png","mensfashionmobileapp","2023-01-19 07:30:17","2023-01-19 07:30:17"
"3338","607","themes/menswear/uploads/09220221107_1667817680.png","https://apps.rajodiya.com/ecommerce/themes/menswear/uploads/09220221107_1667817680.png","mensfashionmobileapp","2023-01-19 07:30:17","2023-01-19 07:30:17"
"3339","608","themes/menswear/uploads/04520221107_1667817746.png","https://apps.rajodiya.com/ecommerce/themes/menswear/uploads/04520221107_1667817746.png","mensfashionmobileapp","2023-01-19 07:30:17","2023-01-19 07:30:17"
"3340","608","themes/menswear/uploads/0720221107_1667817746.png","https://apps.rajodiya.com/ecommerce/themes/menswear/uploads/0720221107_1667817746.png","mensfashionmobileapp","2023-01-19 07:30:17","2023-01-19 07:30:17"
"3341","609","themes/menswear/uploads/05520221107_1667817789.png","https://apps.rajodiya.com/ecommerce/themes/menswear/uploads/05520221107_1667817789.png","mensfashionmobileapp","2023-01-19 07:30:17","2023-01-19 07:30:17"
"3342","609","themes/menswear/uploads/03820221107_1667817789.png","https://apps.rajodiya.com/ecommerce/themes/menswear/uploads/03820221107_1667817789.png","mensfashionmobileapp","2023-01-19 07:30:17","2023-01-19 07:30:17"
"3343","610","themes/menswear/uploads/0920221107_1667817818.png","https://apps.rajodiya.com/ecommerce/themes/menswear/uploads/0920221107_1667817818.png","mensfashionmobileapp","2023-01-19 07:30:17","2023-01-19 07:30:17"
"3344","610","themes/menswear/uploads/05320221107_1667817818.png","https://apps.rajodiya.com/ecommerce/themes/menswear/uploads/05320221107_1667817818.png","mensfashionmobileapp","2023-01-19 07:30:17","2023-01-19 07:30:17"
"3345","611","themes/menswear/uploads/01820221107_1667817862.png","https://apps.rajodiya.com/ecommerce/themes/menswear/uploads/01820221107_1667817862.png","mensfashionmobileapp","2023-01-19 07:30:17","2023-01-19 07:30:17"
"3346","611","themes/menswear/uploads/02320221107_1667817862.png","https://apps.rajodiya.com/ecommerce/themes/menswear/uploads/02320221107_1667817862.png","mensfashionmobileapp","2023-01-19 07:30:17","2023-01-19 07:30:17"
"3347","612","themes/menswear/uploads/06820221107_1667817886.png","https://apps.rajodiya.com/ecommerce/themes/menswear/uploads/06820221107_1667817886.png","mensfashionmobileapp","2023-01-19 07:30:17","2023-01-19 07:30:17"
"3348","612","themes/menswear/uploads/05320221107_1667817886.png","https://apps.rajodiya.com/ecommerce/themes/menswear/uploads/05320221107_1667817886.png","mensfashionmobileapp","2023-01-19 07:30:17","2023-01-19 07:30:17"
"3349","613","themes/menswear/uploads/08620221107_1667817925.png","https://apps.rajodiya.com/ecommerce/themes/menswear/uploads/08620221107_1667817925.png","mensfashionmobileapp","2023-01-19 07:30:17","2023-01-19 07:30:17"
"3350","613","themes/menswear/uploads/03520221107_1667817925.png","https://apps.rajodiya.com/ecommerce/themes/menswear/uploads/03520221107_1667817925.png","mensfashionmobileapp","2023-01-19 07:30:17","2023-01-19 07:30:17"
"3351","614","themes/menswear/uploads/09220221107_1667817953.png","https://apps.rajodiya.com/ecommerce/themes/menswear/uploads/09220221107_1667817953.png","mensfashionmobileapp","2023-01-19 07:30:17","2023-01-19 07:30:17"
"3352","614","themes/menswear/uploads/02620221107_1667817953.png","https://apps.rajodiya.com/ecommerce/themes/menswear/uploads/02620221107_1667817953.png","mensfashionmobileapp","2023-01-19 07:30:17","2023-01-19 07:30:17"
"3353","615","themes/menswear/uploads/05520221107_1667817997.png","https://apps.rajodiya.com/ecommerce/themes/menswear/uploads/05520221107_1667817997.png","mensfashionmobileapp","2023-01-19 07:30:17","2023-01-19 07:30:17"
"3354","615","themes/menswear/uploads/04720221107_1667817997.png","https://apps.rajodiya.com/ecommerce/themes/menswear/uploads/04720221107_1667817997.png","mensfashionmobileapp","2023-01-19 07:30:17","2023-01-19 07:30:17"
"3355","616","themes/menswear/uploads/08220221107_1667818063.png","https://apps.rajodiya.com/ecommerce/themes/menswear/uploads/08220221107_1667818063.png","mensfashionmobileapp","2023-01-19 07:30:17","2023-01-19 07:30:17"
"3356","616","themes/menswear/uploads/07620221107_1667818063.png","https://apps.rajodiya.com/ecommerce/themes/menswear/uploads/07620221107_1667818063.png","mensfashionmobileapp","2023-01-19 07:30:17","2023-01-19 07:30:17"
"3357","617","themes/menswear/uploads/02320221107_1667818115.png","https://apps.rajodiya.com/ecommerce/themes/menswear/uploads/02320221107_1667818115.png","mensfashionmobileapp","2023-01-19 07:30:17","2023-01-19 07:30:17"
"3358","617","themes/menswear/uploads/09020221107_1667818115.png","https://apps.rajodiya.com/ecommerce/themes/menswear/uploads/09020221107_1667818115.png","mensfashionmobileapp","2023-01-19 07:30:17","2023-01-19 07:30:17"
"3359","618","themes/menswear/uploads/01120221107_1667818169.png","https://apps.rajodiya.com/ecommerce/themes/menswear/uploads/01120221107_1667818169.png","mensfashionmobileapp","2023-01-19 07:30:17","2023-01-19 07:30:17"
"3360","618","themes/menswear/uploads/05220221107_1667818169.png","https://apps.rajodiya.com/ecommerce/themes/menswear/uploads/05220221107_1667818169.png","mensfashionmobileapp","2023-01-19 07:30:17","2023-01-19 07:30:17"
"3361","619","themes/menswear/uploads/0420221107_1667818199.png","https://apps.rajodiya.com/ecommerce/themes/menswear/uploads/0420221107_1667818199.png","mensfashionmobileapp","2023-01-19 07:30:17","2023-01-19 07:30:17"
"3362","619","themes/menswear/uploads/08720221107_1667818199.png","https://apps.rajodiya.com/ecommerce/themes/menswear/uploads/08720221107_1667818199.png","mensfashionmobileapp","2023-01-19 07:30:17","2023-01-19 07:30:17"
"3363","620","themes/menswear/uploads/04820221107_1667818241.png","https://apps.rajodiya.com/ecommerce/themes/menswear/uploads/04820221107_1667818241.png","mensfashionmobileapp","2023-01-19 07:30:17","2023-01-19 07:30:17"
"3364","620","themes/menswear/uploads/02620221107_1667818241.png","https://apps.rajodiya.com/ecommerce/themes/menswear/uploads/02620221107_1667818241.png","mensfashionmobileapp","2023-01-19 07:30:17","2023-01-19 07:30:17"
"3365","621","themes/menswear/uploads/01020221107_1667818271.png","https://apps.rajodiya.com/ecommerce/themes/menswear/uploads/01020221107_1667818271.png","mensfashionmobileapp","2023-01-19 07:30:17","2023-01-19 07:30:17"
"3366","621","themes/menswear/uploads/04920221107_1667818271.png","https://apps.rajodiya.com/ecommerce/themes/menswear/uploads/04920221107_1667818271.png","mensfashionmobileapp","2023-01-19 07:30:17","2023-01-19 07:30:17"
"3367","622","themes/menswear/uploads/08220221107_1667818350.png","https://apps.rajodiya.com/ecommerce/themes/menswear/uploads/08220221107_1667818350.png","mensfashionmobileapp","2023-01-19 07:30:17","2023-01-19 07:30:17"
"3368","622","themes/menswear/uploads/0220221107_1667818350.png","https://apps.rajodiya.com/ecommerce/themes/menswear/uploads/0220221107_1667818350.png","mensfashionmobileapp","2023-01-19 07:30:17","2023-01-19 07:30:17"
"3369","623","themes/menswear/uploads/08120221107_1667818484.png","https://apps.rajodiya.com/ecommerce/themes/menswear/uploads/08120221107_1667818484.png","mensfashionmobileapp","2023-01-19 07:30:17","2023-01-19 07:30:17"
"3370","623","themes/menswear/uploads/06320221107_1667818484.png","https://apps.rajodiya.com/ecommerce/themes/menswear/uploads/06320221107_1667818484.png","mensfashionmobileapp","2023-01-19 07:30:17","2023-01-19 07:30:17"
"3371","624","themes/menswear/uploads/03920221107_1667818526.png","https://apps.rajodiya.com/ecommerce/themes/menswear/uploads/03920221107_1667818526.png","mensfashionmobileapp","2023-01-19 07:30:17","2023-01-19 07:30:17"
"3372","624","themes/menswear/uploads/05420221107_1667818526.png","https://apps.rajodiya.com/ecommerce/themes/menswear/uploads/05420221107_1667818526.png","mensfashionmobileapp","2023-01-19 07:30:17","2023-01-19 07:30:17"
"3373","625","themes/menswear/uploads/05420221107_1667818562.png","https://apps.rajodiya.com/ecommerce/themes/menswear/uploads/05420221107_1667818562.png","mensfashionmobileapp","2023-01-19 07:30:17","2023-01-19 07:30:17"
"3374","625","themes/menswear/uploads/05520221107_1667818562.png","https://apps.rajodiya.com/ecommerce/themes/menswear/uploads/05520221107_1667818562.png","mensfashionmobileapp","2023-01-19 07:30:17","2023-01-19 07:30:17"
"3375","626","themes/menswear/uploads/0020221107_1667818593.png","https://apps.rajodiya.com/ecommerce/themes/menswear/uploads/0020221107_1667818593.png","mensfashionmobileapp","2023-01-19 07:30:17","2023-01-19 07:30:17"
"3376","626","themes/menswear/uploads/07520221107_1667818593.png","https://apps.rajodiya.com/ecommerce/themes/menswear/uploads/07520221107_1667818593.png","mensfashionmobileapp","2023-01-19 07:30:17","2023-01-19 07:30:17"
"3377","627","themes/menswear/uploads/03520221107_1667818640.png","https://apps.rajodiya.com/ecommerce/themes/menswear/uploads/03520221107_1667818640.png","mensfashionmobileapp","2023-01-19 07:30:17","2023-01-19 07:30:17"
"3378","627","themes/menswear/uploads/01320221107_1667818640.png","https://apps.rajodiya.com/ecommerce/themes/menswear/uploads/01320221107_1667818640.png","mensfashionmobileapp","2023-01-19 07:30:17","2023-01-19 07:30:17"
"3379","628","themes/menswear/uploads/09920221107_1667818719.png","https://apps.rajodiya.com/ecommerce/themes/menswear/uploads/09920221107_1667818719.png","mensfashionmobileapp","2023-01-19 07:30:17","2023-01-19 07:30:17"
"3380","628","themes/menswear/uploads/05420221107_1667818719.png","https://apps.rajodiya.com/ecommerce/themes/menswear/uploads/05420221107_1667818719.png","mensfashionmobileapp","2023-01-19 07:30:17","2023-01-19 07:30:17"
"3381","629","themes/menswear/uploads/03320221107_1667818781.png","https://apps.rajodiya.com/ecommerce/themes/menswear/uploads/03320221107_1667818781.png","mensfashionmobileapp","2023-01-19 07:30:17","2023-01-19 07:30:17"
"3382","629","themes/menswear/uploads/010020221107_1667818781.png","https://apps.rajodiya.com/ecommerce/themes/menswear/uploads/010020221107_1667818781.png","mensfashionmobileapp","2023-01-19 07:30:17","2023-01-19 07:30:17"
"3383","630","themes/menswear/uploads/07720221107_1667818816.png","https://apps.rajodiya.com/ecommerce/themes/menswear/uploads/07720221107_1667818816.png","mensfashionmobileapp","2023-01-19 07:30:17","2023-01-19 07:30:17"
"3384","630","themes/menswear/uploads/0820221107_1667818816.png","https://apps.rajodiya.com/ecommerce/themes/menswear/uploads/0820221107_1667818816.png","mensfashionmobileapp","2023-01-19 07:30:17","2023-01-19 07:30:17"
"3385","631","themes/menswear/uploads/07920221107_1667818874.png","https://apps.rajodiya.com/ecommerce/themes/menswear/uploads/07920221107_1667818874.png","mensfashionmobileapp","2023-01-19 07:30:17","2023-01-19 07:30:17"
"3386","631","themes/menswear/uploads/06320221107_1667818874.png","https://apps.rajodiya.com/ecommerce/themes/menswear/uploads/06320221107_1667818874.png","mensfashionmobileapp","2023-01-19 07:30:17","2023-01-19 07:30:17"
"3387","632","themes/menswear/uploads/01520221107_1667818916.png","https://apps.rajodiya.com/ecommerce/themes/menswear/uploads/01520221107_1667818916.png","mensfashionmobileapp","2023-01-19 07:30:17","2023-01-19 07:30:17"
"3388","632","themes/menswear/uploads/0720221107_1667818916.png","https://apps.rajodiya.com/ecommerce/themes/menswear/uploads/0720221107_1667818916.png","mensfashionmobileapp","2023-01-19 07:30:17","2023-01-19 07:30:17"
